Ticker,Sector,Date,Open,High,Low,Close,Adj_Close,Volume
AAPL,Technology,2024-01-01,170.0,171.46,169.24,171.37,171.37,8765365
AAPL,Technology,2024-01-02,171.37,172.88,171.05,172.19,172.19,9302144
AAPL,Technology,2024-01-03,172.19,172.51,169.31,171.1,171.1,10280887
AAPL,Technology,2024-01-04,171.1,174.35,170.47,173.29,173.29,4610471
AAPL,Technology,2024-01-05,173.29,177.37,171.52,177.21,177.21,8946159
AAPL,Technology,2024-01-08,177.21,178.0,176.78,177.64,177.64,7299935
AAPL,Technology,2024-01-09,177.64,178.95,175.77,176.14,176.14,7986733
AAPL,Technology,2024-01-10,176.14,176.42,175.49,175.64,175.64,3296791
AAPL,Technology,2024-01-11,175.64,175.78,172.1,172.25,172.25,10116226
AAPL,Technology,2024-01-12,172.25,173.34,169.43,169.74,169.74,10537093
AAPL,Technology,2024-01-15,169.74,171.92,169.35,170.72,170.72,10130596
AAPL,Technology,2024-01-16,170.72,173.64,170.15,173.11,173.11,7257890
AAPL,Technology,2024-01-17,173.11,174.76,172.99,174.08,174.08,7015080
AAPL,Technology,2024-01-18,174.08,177.9,174.03,177.26,177.26,10408478
AAPL,Technology,2024-01-19,177.26,178.79,176.2,178.33,178.33,8811635
AAPL,Technology,2024-01-22,178.33,188.15,178.27,187.46,187.46,19143284
AAPL,Technology,2024-01-23,187.46,190.12,186.35,190.11,190.11,6756151
AAPL,Technology,2024-01-24,190.11,190.49,187.54,187.92,187.92,10779647
AAPL,Technology,2024-01-25,187.92,188.99,187.85,188.76,188.76,10324747
AAPL,Technology,2024-01-26,188.76,189.0,185.93,186.88,186.88,7299313
AAPL,Technology,2024-01-29,186.88,187.14,179.3,179.55,179.55,6074534
AAPL,Technology,2024-01-30,179.55,179.84,178.55,179.22,179.22,11369500
AAPL,Technology,2024-01-31,179.22,180.48,179.18,179.28,179.28,13911781
AAPL,Technology,2024-02-01,179.28,179.5,178.63,178.87,178.87,7982287
AAPL,Technology,2024-02-02,178.87,181.87,178.31,181.04,181.04,5817470
AAPL,Technology,2024-02-05,181.04,185.99,180.4,184.96,184.96,8184547
AAPL,Technology,2024-02-06,184.96,185.64,183.62,183.7,183.7,6791658
AAPL,Technology,2024-02-07,183.7,183.75,179.15,179.54,179.54,5804741
AAPL,Technology,2024-02-08,179.54,181.43,178.97,181.31,181.31,7227052
AAPL,Technology,2024-02-09,181.31,184.54,180.33,183.64,183.64,14093990
AAPL,Technology,2024-02-12,183.64,183.79,182.66,182.85,182.85,9876374
AAPL,Technology,2024-02-13,182.85,183.82,179.13,179.57,179.57,10920969
AAPL,Technology,2024-02-14,179.57,196.68,179.47,196.02,196.02,9724809
AAPL,Technology,2024-02-15,196.02,196.42,194.96,196.12,196.12,6237085
AAPL,Technology,2024-02-16,196.12,196.99,191.66,193.41,193.41,8352739
AAPL,Technology,2024-02-19,193.41,196.27,192.71,195.1,195.1,7928659
AAPL,Technology,2024-02-20,195.1,195.76,188.9,189.55,189.55,8946415
AAPL,Technology,2024-02-21,189.55,190.84,189.54,189.65,189.65,8457436
AAPL,Technology,2024-02-22,189.65,191.75,189.55,191.49,191.49,8819817
AAPL,Technology,2024-02-23,191.49,198.91,191.32,197.69,197.69,6859382
AAPL,Technology,2024-02-26,197.69,198.33,194.95,196.0,196.0,4107932
AAPL,Technology,2024-02-27,196.0,197.09,191.95,192.74,192.74,5160704
AAPL,Technology,2024-02-28,192.74,195.54,191.55,194.16,194.16,6774816
AAPL,Technology,2024-02-29,194.16,208.21,193.13,208.05,208.05,37250795
AAPL,Technology,2024-03-01,208.05,208.68,207.05,207.19,207.19,5945770
AAPL,Technology,2024-03-04,207.19,207.63,206.62,207.19,207.19,4129481
AAPL,Technology,2024-03-05,207.19,208.09,204.56,205.85,205.85,8308522
AAPL,Technology,2024-03-06,205.85,208.72,205.81,207.67,207.67,6436159
AAPL,Technology,2024-03-07,207.67,215.02,207.66,214.47,214.47,9060977
AAPL,Technology,2024-03-08,214.47,218.52,213.79,217.97,217.97,7724632
AAPL,Technology,2024-03-11,217.97,220.52,217.68,219.75,219.75,7237167
AAPL,Technology,2024-03-12,219.75,222.36,218.65,220.93,220.93,10202868
AAPL,Technology,2024-03-13,220.93,229.04,220.29,228.1,228.1,4928192
AAPL,Technology,2024-03-14,228.1,229.81,224.48,227.42,227.42,5541469
AAPL,Technology,2024-03-15,227.42,228.56,225.3,226.7,226.7,11175833
AAPL,Technology,2024-03-18,226.7,227.12,225.34,226.4,226.4,8024559
AAPL,Technology,2024-03-19,226.4,226.82,223.02,223.2,223.2,8146151
AAPL,Technology,2024-03-20,223.2,225.62,221.78,225.5,225.5,5029242
AAPL,Technology,2024-03-21,225.5,234.67,225.11,232.85,232.85,7739605
AAPL,Technology,2024-03-22,232.85,233.04,230.75,231.29,231.29,10039045
AAPL,Technology,2024-03-25,231.29,233.31,230.96,232.67,232.67,9395153
AAPL,Technology,2024-03-26,232.67,233.49,229.92,230.61,230.61,9464888
AAPL,Technology,2024-03-27,230.61,230.79,229.99,230.68,230.68,10788649
AAPL,Technology,2024-03-28,230.68,236.6,229.47,236.19,236.19,8050409
AAPL,Technology,2024-03-29,236.19,239.04,235.93,238.75,238.75,6528572
AAPL,Technology,2024-04-01,238.75,246.79,237.79,245.74,245.74,5085947
AAPL,Technology,2024-04-02,245.74,250.95,245.05,250.16,250.16,7978839
AAPL,Technology,2024-04-03,250.16,251.93,241.66,242.46,242.46,7228673
AAPL,Technology,2024-04-04,242.46,244.66,242.04,244.11,244.11,8489174
AAPL,Technology,2024-04-05,244.11,247.16,242.7,246.3,246.3,4622086
AAPL,Technology,2024-04-08,246.3,246.51,241.81,243.8,243.8,11768077
AAPL,Technology,2024-04-09,243.8,243.8,242.52,242.84,242.84,6014645
AAPL,Technology,2024-04-10,242.84,246.38,241.43,244.88,244.88,5974071
AAPL,Technology,2024-04-11,244.88,245.32,243.54,243.76,243.76,8030221
AAPL,Technology,2024-04-12,243.76,245.02,241.54,244.26,244.26,8974944
AAPL,Technology,2024-04-15,244.26,246.08,241.98,242.83,242.83,8440020
AAPL,Technology,2024-04-16,242.83,251.76,242.68,250.95,250.95,4747860
AAPL,Technology,2024-04-17,250.95,256.83,250.61,254.99,254.99,12502810
AAPL,Technology,2024-04-18,254.99,259.37,254.23,258.78,258.78,11543980
AAPL,Technology,2024-04-19,258.78,261.79,257.56,261.65,261.65,6873978
AAPL,Technology,2024-04-22,261.65,263.07,254.8,255.08,255.08,8668935
AAPL,Technology,2024-04-23,255.08,256.0,245.85,245.85,245.85,8112753
AAPL,Technology,2024-04-24,245.85,246.47,243.0,244.34,244.34,9285180
AAPL,Technology,2024-04-25,244.34,249.91,244.02,248.37,248.37,6203632
AAPL,Technology,2024-04-26,248.37,254.42,248.21,254.3,254.3,10767788
AAPL,Technology,2024-04-29,254.3,258.54,253.65,258.37,258.37,11284715
AAPL,Technology,2024-04-30,258.37,259.08,253.02,254.79,254.79,11466413
AAPL,Technology,2024-05-01,254.79,258.47,253.26,258.33,258.33,8177827
AAPL,Technology,2024-05-02,258.33,266.25,258.31,264.79,264.79,9911373
AAPL,Technology,2024-05-03,264.79,266.55,261.65,263.83,263.83,7786111
AAPL,Technology,2024-05-06,263.83,264.54,257.69,258.83,258.83,9170415
AAPL,Technology,2024-05-07,258.83,262.19,257.81,261.89,261.89,9209711
AAPL,Technology,2024-05-08,261.89,262.72,258.47,259.96,259.96,7540321
AAPL,Technology,2024-05-09,259.96,262.72,259.23,260.34,260.34,8513551
AAPL,Technology,2024-05-10,260.34,260.57,259.29,260.06,260.06,9390810
AAPL,Technology,2024-05-13,260.06,261.33,256.51,258.08,258.08,11280498
AAPL,Technology,2024-05-14,258.08,264.86,257.2,264.6,264.6,5628953
AAPL,Technology,2024-05-15,264.6,265.9,264.47,264.87,264.87,5706702
AAPL,Technology,2024-05-16,264.87,265.09,258.46,258.65,258.65,7885301
AAPL,Technology,2024-05-17,258.65,259.33,252.97,254.69,254.69,10115935
AAPL,Technology,2024-05-20,254.69,256.32,252.27,254.81,254.81,10434878
AAPL,Technology,2024-05-21,254.81,256.42,252.39,253.28,253.28,4681280
AAPL,Technology,2024-05-22,253.28,258.91,253.25,256.95,256.95,8305677
AAPL,Technology,2024-05-23,256.95,257.19,255.05,255.71,255.71,6830899
AAPL,Technology,2024-05-24,255.71,256.59,251.05,253.59,253.59,9643141
AAPL,Technology,2024-05-27,253.59,255.32,253.01,255.23,255.23,9812938
AAPL,Technology,2024-05-28,255.23,258.31,253.14,257.3,257.3,11887069
AAPL,Technology,2024-05-29,257.3,261.85,256.51,261.05,261.05,3668282
AAPL,Technology,2024-05-30,261.05,261.11,253.28,254.84,254.84,9914567
AAPL,Technology,2024-05-31,254.84,255.11,249.98,250.64,250.64,8113756
AAPL,Technology,2024-06-03,250.64,251.02,246.96,247.55,247.55,9824602
AAPL,Technology,2024-06-04,247.55,252.59,245.11,251.81,251.81,6087451
AAPL,Technology,2024-06-05,251.81,254.35,251.64,254.14,254.14,8214545
AAPL,Technology,2024-06-06,254.14,257.77,253.8,256.15,256.15,7011495
AAPL,Technology,2024-06-07,256.15,256.6,253.88,254.43,254.43,10483810
AAPL,Technology,2024-06-10,254.43,254.8,244.98,246.16,246.16,7020619
AAPL,Technology,2024-06-11,246.16,247.15,237.78,238.78,238.78,5975492
AAPL,Technology,2024-06-12,238.78,238.8,232.49,233.26,233.26,2693275
AAPL,Technology,2024-06-13,233.26,234.95,233.11,234.23,234.23,9365448
AAPL,Technology,2024-06-14,234.23,234.6,230.71,231.3,231.3,13449662
AAPL,Technology,2024-06-17,231.3,232.3,230.29,232.06,232.06,6039196
AAPL,Technology,2024-06-18,232.06,237.84,231.1,237.46,237.46,6775960
AAPL,Technology,2024-06-19,237.46,238.39,236.24,236.64,236.64,6673650
AAPL,Technology,2024-06-20,236.64,241.14,236.25,240.2,240.2,12504309
AAPL,Technology,2024-06-21,240.2,241.4,237.4,237.56,237.56,10005356
AAPL,Technology,2024-06-24,237.56,239.77,234.27,234.53,234.53,5298826
AAPL,Technology,2024-06-25,234.53,243.4,232.86,243.27,243.27,9416659
AAPL,Technology,2024-06-26,243.27,244.64,241.44,244.21,244.21,11229008
AAPL,Technology,2024-06-27,244.21,250.7,244.12,250.19,250.19,9874575
AAPL,Technology,2024-06-28,250.19,260.42,250.03,259.87,259.87,6975485
AAPL,Technology,2024-07-01,259.87,261.59,255.85,256.08,256.08,9507536
AAPL,Technology,2024-07-02,256.08,261.97,255.82,261.11,261.11,4392456
AAPL,Technology,2024-07-03,261.11,261.4,259.47,260.31,260.31,7622686
AAPL,Technology,2024-07-04,260.31,266.64,260.03,264.68,264.68,5344337
AAPL,Technology,2024-07-05,264.68,275.12,263.85,275.06,275.06,9618273
AAPL,Technology,2024-07-08,275.06,275.23,274.71,274.75,274.75,6695780
AAPL,Technology,2024-07-09,274.75,274.87,270.47,271.98,271.98,1617556
AAPL,Technology,2024-07-10,271.98,273.33,263.3,263.66,263.66,7108541
AAPL,Technology,2024-07-11,263.66,264.48,257.88,258.25,258.25,7832984
AAPL,Technology,2024-07-12,258.25,261.09,257.51,260.29,260.29,5290275
AAPL,Technology,2024-07-15,260.29,260.8,258.03,258.4,258.4,7449881
AAPL,Technology,2024-07-16,258.4,262.69,258.02,261.71,261.71,10782391
AAPL,Technology,2024-07-17,261.71,262.35,255.9,257.62,257.62,12235248
AAPL,Technology,2024-07-18,257.62,258.46,251.4,252.98,252.98,9454423
AAPL,Technology,2024-07-19,252.98,254.75,246.53,248.27,248.27,6692186
AAPL,Technology,2024-07-22,248.27,252.07,247.91,252.04,252.04,7863330
AAPL,Technology,2024-07-23,252.04,255.08,251.41,253.35,253.35,6996456
AAPL,Technology,2024-07-24,253.35,253.45,248.41,248.61,248.61,5651905
AAPL,Technology,2024-07-25,248.61,251.98,248.14,250.28,250.28,9264649
AAPL,Technology,2024-07-26,250.28,258.12,248.44,256.51,256.51,4929015
AAPL,Technology,2024-07-29,256.51,256.54,253.91,254.26,254.26,8476540
AAPL,Technology,2024-07-30,254.26,254.85,248.03,248.94,248.94,4755956
AAPL,Technology,2024-07-31,248.94,249.99,243.41,245.45,245.45,7269071
AAPL,Technology,2024-08-01,245.45,246.12,244.88,245.95,245.95,8292823
AAPL,Technology,2024-08-02,245.95,255.64,245.6,255.54,255.54,8582049
AAPL,Technology,2024-08-05,255.54,256.73,254.9,256.38,256.38,12349876
AAPL,Technology,2024-08-06,256.38,259.84,255.27,259.26,259.26,10230758
AAPL,Technology,2024-08-07,259.26,260.45,252.48,252.56,252.56,9489613
AAPL,Technology,2024-08-08,252.56,254.74,251.73,253.38,253.38,9484788
AAPL,Technology,2024-08-09,253.38,259.52,253.31,258.42,258.42,4013693
AAPL,Technology,2024-08-12,258.42,260.46,257.58,260.24,260.24,8321234
AAPL,Technology,2024-08-13,260.24,262.37,260.2,262.14,262.14,9635601
AAPL,Technology,2024-08-14,262.14,262.44,260.67,262.41,262.41,9202480
AAPL,Technology,2024-08-15,262.41,263.75,258.27,258.47,258.47,6944645
AAPL,Technology,2024-08-16,258.47,264.44,257.57,264.23,264.23,8679277
AAPL,Technology,2024-08-19,264.23,264.85,258.96,259.04,259.04,10557152
AAPL,Technology,2024-08-20,259.04,260.5,256.24,257.19,257.19,8753268
AAPL,Technology,2024-08-21,257.19,259.0,250.43,250.85,250.85,7323716
AAPL,Technology,2024-08-22,250.85,251.78,244.04,245.95,245.95,5102250
AAPL,Technology,2024-08-23,245.95,246.62,241.19,242.14,242.14,7486426
AAPL,Technology,2024-08-26,242.14,242.8,240.98,242.11,242.11,11890660
AAPL,Technology,2024-08-27,242.11,242.18,235.96,236.55,236.55,6666854
AAPL,Technology,2024-08-28,236.55,237.68,234.08,234.43,234.43,5183431
AAPL,Technology,2024-08-29,234.43,238.37,233.91,237.37,237.37,9519036
AAPL,Technology,2024-08-30,237.37,239.68,236.57,238.24,238.24,8395274
AAPL,Technology,2024-09-02,238.24,238.79,236.81,237.08,237.08,8802696
AAPL,Technology,2024-09-03,237.08,241.5,235.43,239.57,239.57,4982383
AAPL,Technology,2024-09-04,239.57,243.81,239.07,242.89,242.89,8537091
AAPL,Technology,2024-09-05,242.89,244.13,241.72,242.98,242.98,8823524
AAPL,Technology,2024-09-06,242.98,249.07,242.41,247.95,247.95,7137698
AAPL,Technology,2024-09-09,247.95,251.4,247.54,250.29,250.29,9716016
AAPL,Technology,2024-09-10,250.29,253.19,248.91,252.33,252.33,9556903
AAPL,Technology,2024-09-11,252.33,252.48,251.15,251.85,251.85,9187893
AAPL,Technology,2024-09-12,251.85,253.98,251.65,253.58,253.58,8111447
AAPL,Technology,2024-09-13,253.58,254.34,247.07,248.56,248.56,8512713
AAPL,Technology,2024-09-16,248.56,250.1,248.46,249.7,249.7,8669651
AAPL,Technology,2024-09-17,249.7,252.32,249.53,252.13,252.13,8980429
AAPL,Technology,2024-09-18,252.13,252.54,251.44,251.57,251.57,6319710
AAPL,Technology,2024-09-19,251.57,257.8,251.2,256.23,256.23,6738067
AAPL,Technology,2024-09-20,256.23,258.32,255.32,255.88,255.88,12514776
AAPL,Technology,2024-09-23,255.88,258.14,249.83,250.48,250.48,10369541
AAPL,Technology,2024-09-24,250.48,256.18,249.83,254.85,254.85,7761977
AAPL,Technology,2024-09-25,254.85,263.18,253.93,262.06,262.06,7504238
AAPL,Technology,2024-09-26,262.06,262.76,258.12,259.42,259.42,11465035
AAPL,Technology,2024-09-27,259.42,260.58,258.98,259.26,259.26,7447864
AAPL,Technology,2024-09-30,259.26,262.92,258.59,262.16,262.16,11189966
AAPL,Technology,2024-10-01,262.16,263.84,261.08,263.09,263.09,7880560
AAPL,Technology,2024-10-02,263.09,265.53,263.05,264.73,264.73,4566139
AAPL,Technology,2024-10-03,264.73,266.12,264.06,265.4,265.4,10389805
AAPL,Technology,2024-10-04,265.4,265.43,263.98,264.46,264.46,2182689
AAPL,Technology,2024-10-07,264.46,265.26,257.95,258.33,258.33,9149293
AAPL,Technology,2024-10-08,258.33,258.98,258.33,258.39,258.39,5219924
AAPL,Technology,2024-10-09,258.39,265.3,257.49,264.38,264.38,8090384
AAPL,Technology,2024-10-10,264.38,264.47,262.41,263.47,263.47,7325359
AAPL,Technology,2024-10-11,263.47,271.42,262.95,270.73,270.73,6932040
AAPL,Technology,2024-10-14,270.73,272.88,270.66,272.01,272.01,6447351
AAPL,Technology,2024-10-15,272.01,275.46,271.38,275.02,275.02,10613623
AAPL,Technology,2024-10-16,275.02,276.71,272.74,275.66,275.66,6345949
AAPL,Technology,2024-10-17,275.66,283.23,274.52,283.0,283.0,6729684
AAPL,Technology,2024-10-18,283.0,287.09,281.05,285.8,285.8,9047176
AAPL,Technology,2024-10-21,285.8,286.27,285.23,286.13,286.13,8507827
AAPL,Technology,2024-10-22,286.13,291.12,285.58,290.99,290.99,11777568
AAPL,Technology,2024-10-23,290.99,292.69,284.03,285.81,285.81,12804169
AAPL,Technology,2024-10-24,285.81,287.85,285.34,285.53,285.53,10120783
AAPL,Technology,2024-10-25,285.53,290.32,284.92,288.5,288.5,4990860
AAPL,Technology,2024-10-28,288.5,295.54,287.93,294.63,294.63,8625617
AAPL,Technology,2024-10-29,294.63,295.42,291.99,292.37,292.37,7300424
AAPL,Technology,2024-10-30,292.37,292.43,284.43,285.31,285.31,1163497
AAPL,Technology,2024-10-31,285.31,292.42,284.88,290.4,290.4,7791572
AAPL,Technology,2024-11-01,290.4,295.55,289.85,294.09,294.09,8831609
AAPL,Technology,2024-11-04,294.09,294.65,291.59,294.06,294.06,8610017
AAPL,Technology,2024-11-05,294.06,295.51,291.33,293.09,293.09,10040532
AAPL,Technology,2024-11-06,293.09,293.5,290.75,291.73,291.73,10934002
AAPL,Technology,2024-11-07,291.73,297.33,290.53,297.22,297.22,8573093
AAPL,Technology,2024-11-08,297.22,297.46,296.19,296.25,296.25,6349895
AAPL,Technology,2024-11-11,296.25,297.47,295.75,295.84,295.84,3204318
AAPL,Technology,2024-11-12,295.84,300.5,293.36,300.09,300.09,15050606
AAPL,Technology,2024-11-13,300.09,300.57,295.03,296.35,296.35,5504225
AAPL,Technology,2024-11-14,296.35,300.51,296.02,299.25,299.25,6438287
AAPL,Technology,2024-11-15,299.25,304.44,298.21,304.24,304.24,9189636
AAPL,Technology,2024-11-18,304.24,305.56,303.07,305.11,305.11,8738289
AAPL,Technology,2024-11-19,305.11,305.2,301.9,303.24,303.24,10848872
AAPL,Technology,2024-11-20,303.24,307.73,302.31,306.33,306.33,8711907
AAPL,Technology,2024-11-21,306.33,311.45,304.35,311.13,311.13,9088482
AAPL,Technology,2024-11-22,311.13,312.33,308.88,310.18,310.18,9367880
AAPL,Technology,2024-11-25,310.18,314.52,309.99,313.72,313.72,8301383
AAPL,Technology,2024-11-26,313.72,313.74,311.49,313.1,313.1,4055022
AAPL,Technology,2024-11-27,313.1,315.04,308.34,309.13,309.13,4824584
AAPL,Technology,2024-11-28,309.13,318.21,306.35,316.93,316.93,6360818
AAPL,Technology,2024-11-29,316.93,318.83,315.16,317.4,317.4,4051043
AAPL,Technology,2024-12-02,317.4,325.6,316.53,322.46,322.46,9381124
AAPL,Technology,2024-12-03,322.46,322.96,320.46,321.43,321.43,7326379
AAPL,Technology,2024-12-04,321.43,321.55,312.24,313.46,313.46,6518128
AAPL,Technology,2024-12-05,313.46,313.95,303.45,304.65,304.65,10257850
AAPL,Technology,2024-12-06,304.65,304.93,299.18,300.35,300.35,9322489
AAPL,Technology,2024-12-09,300.35,309.12,298.43,308.85,308.85,9057139
AAPL,Technology,2024-12-10,308.85,309.62,308.13,308.94,308.94,8152852
AAPL,Technology,2024-12-11,308.94,311.49,308.88,311.31,311.31,8097420
AAPL,Technology,2024-12-12,311.31,312.14,306.81,308.22,308.22,7277830
AAPL,Technology,2024-12-13,308.22,309.15,306.25,307.14,307.14,10147818
AAPL,Technology,2024-12-16,307.14,308.67,305.67,305.96,305.96,6123157
AAPL,Technology,2024-12-17,305.96,317.91,305.18,316.34,316.34,8993117
AAPL,Technology,2024-12-18,316.34,316.51,314.11,315.66,315.66,11896151
AAPL,Technology,2024-12-19,315.66,315.99,308.46,308.57,308.57,14191302
AAPL,Technology,2024-12-20,308.57,310.59,303.84,305.03,305.03,10649717
AAPL,Technology,2024-12-23,305.03,307.26,304.57,306.6,306.6,7511407
AAPL,Technology,2024-12-24,306.6,307.85,303.4,304.11,304.11,7525915
AAPL,Technology,2024-12-25,304.11,304.15,300.55,300.83,300.83,4265850
AAPL,Technology,2024-12-26,300.83,303.51,299.42,302.5,302.5,5039676
AAPL,Technology,2024-12-27,302.5,308.22,301.65,305.84,305.84,7866154
AAPL,Technology,2024-12-30,305.84,308.68,304.63,308.58,308.58,9510592
AAPL,Technology,2024-12-31,308.58,308.68,303.64,304.53,304.53,10966623
MSFT,Technology,2024-01-01,330.0,336.09,329.3,335.27,335.27,4622854
MSFT,Technology,2024-01-02,335.27,336.9,332.16,335.85,335.85,8943962
MSFT,Technology,2024-01-03,335.85,337.4,335.17,336.99,336.99,9397750
MSFT,Technology,2024-01-04,336.99,338.19,329.73,332.17,332.17,9219179
MSFT,Technology,2024-01-05,332.17,335.03,326.18,327.27,327.27,8075040
MSFT,Technology,2024-01-08,327.27,328.66,327.17,328.66,328.66,7762664
MSFT,Technology,2024-01-09,328.66,333.5,327.91,333.11,333.11,9439025
MSFT,Technology,2024-01-10,333.11,333.43,330.27,330.98,330.98,5843676
MSFT,Technology,2024-01-11,330.98,331.36,330.68,331.34,331.34,8474189
MSFT,Technology,2024-01-12,331.34,343.42,331.33,343.01,343.01,4851593
MSFT,Technology,2024-01-15,343.01,343.43,337.45,338.14,338.14,8129572
MSFT,Technology,2024-01-16,338.14,339.01,328.6,329.84,329.84,7654189
MSFT,Technology,2024-01-17,329.84,330.63,323.23,324.48,324.48,9001257
MSFT,Technology,2024-01-18,324.48,324.57,321.39,321.58,321.58,7190993
MSFT,Technology,2024-01-19,321.58,321.97,319.03,319.05,319.05,6251043
MSFT,Technology,2024-01-22,319.05,320.21,309.23,312.42,312.42,10242367
MSFT,Technology,2024-01-23,312.42,312.7,305.18,306.66,306.66,7240039
MSFT,Technology,2024-01-24,306.66,328.62,304.98,327.62,327.62,22397909
MSFT,Technology,2024-01-25,327.62,328.38,322.08,323.29,323.29,6814950
MSFT,Technology,2024-01-26,323.29,323.95,317.96,318.11,318.11,6955624
MSFT,Technology,2024-01-29,318.11,323.65,317.24,321.97,321.97,6900280
MSFT,Technology,2024-01-30,321.97,327.11,320.67,325.5,325.5,8770525
MSFT,Technology,2024-01-31,325.5,328.13,325.12,327.98,327.98,6246363
MSFT,Technology,2024-02-01,327.98,328.47,326.24,327.3,327.3,6294913
MSFT,Technology,2024-02-02,327.3,329.16,325.32,327.44,327.44,7338254
MSFT,Technology,2024-02-05,327.44,328.72,326.31,327.1,327.1,7818038
MSFT,Technology,2024-02-06,327.1,333.1,327.09,332.34,332.34,6697762
MSFT,Technology,2024-02-07,332.34,335.36,328.19,328.99,328.99,10866876
MSFT,Technology,2024-02-08,328.99,337.91,328.83,334.95,334.95,6278035
MSFT,Technology,2024-02-09,334.95,336.47,334.04,335.33,335.33,9702880
MSFT,Technology,2024-02-12,335.33,335.49,333.28,334.57,334.57,7873136
MSFT,Technology,2024-02-13,334.57,335.07,331.1,331.15,331.15,5563487
MSFT,Technology,2024-02-14,331.15,332.67,330.84,331.57,331.57,5820074
MSFT,Technology,2024-02-15,331.57,332.6,329.22,330.69,330.69,7114449
MSFT,Technology,2024-02-16,330.69,332.6,330.27,332.38,332.38,7993755
MSFT,Technology,2024-02-19,332.38,336.57,329.55,336.09,336.09,9652827
MSFT,Technology,2024-02-20,336.09,340.24,335.89,338.08,338.08,7125278
MSFT,Technology,2024-02-21,338.08,339.31,333.67,334.39,334.39,8753727
MSFT,Technology,2024-02-22,334.39,334.76,330.22,331.81,331.81,7904626
MSFT,Technology,2024-02-23,331.81,334.16,326.65,327.52,327.52,11444592
MSFT,Technology,2024-02-26,327.52,329.62,325.95,328.49,328.49,7441055
MSFT,Technology,2024-02-27,328.49,335.15,328.02,334.82,334.82,9464586
MSFT,Technology,2024-02-28,334.82,336.47,333.35,336.21,336.21,5940546
MSFT,Technology,2024-02-29,336.21,340.09,335.28,338.48,338.48,2688254
MSFT,Technology,2024-03-01,338.48,344.5,337.36,344.39,344.39,9914726
MSFT,Technology,2024-03-04,344.39,351.16,344.07,350.06,350.06,100000
MSFT,Technology,2024-03-05,350.06,351.38,347.95,348.9,348.9,9612193
MSFT,Technology,2024-03-06,348.9,350.12,331.54,333.57,333.57,11030201
MSFT,Technology,2024-03-07,333.57,336.99,331.06,331.23,331.23,6348950
MSFT,Technology,2024-03-08,331.23,342.66,329.87,340.09,340.09,9422064
MSFT,Technology,2024-03-11,340.09,344.8,338.58,344.04,344.04,6441762
MSFT,Technology,2024-03-12,344.04,349.8,342.47,348.84,348.84,7535217
MSFT,Technology,2024-03-13,348.84,351.45,344.92,345.59,345.59,4722891
MSFT,Technology,2024-03-14,345.59,347.55,343.9,346.75,346.75,9397034
MSFT,Technology,2024-03-15,346.75,348.08,344.23,345.89,345.89,3350330
MSFT,Technology,2024-03-18,345.89,346.37,339.87,340.06,340.06,3755745
MSFT,Technology,2024-03-19,340.06,342.04,338.66,341.84,341.84,7532131
MSFT,Technology,2024-03-20,341.84,342.39,338.72,340.31,340.31,1106570
MSFT,Technology,2024-03-21,340.31,342.83,339.09,340.42,340.42,9867462
MSFT,Technology,2024-03-22,340.42,343.85,339.38,342.35,342.35,10944639
MSFT,Technology,2024-03-25,342.35,342.63,341.62,342.11,342.11,7469328
MSFT,Technology,2024-03-26,342.11,343.37,336.31,338.33,338.33,7349303
MSFT,Technology,2024-03-27,338.33,339.47,338.19,338.46,338.46,5285536
MSFT,Technology,2024-03-28,338.46,339.85,330.26,330.34,330.34,9238254
MSFT,Technology,2024-03-29,330.34,331.04,321.91,323.35,323.35,9360933
MSFT,Technology,2024-04-01,323.35,326.47,315.49,317.54,317.54,10795374
MSFT,Technology,2024-04-02,317.54,318.57,313.22,314.5,314.5,14391637
MSFT,Technology,2024-04-03,314.5,314.69,312.38,313.42,313.42,8206745
MSFT,Technology,2024-04-04,313.42,317.08,308.38,308.93,308.93,12824022
MSFT,Technology,2024-04-05,308.93,318.11,308.91,316.8,316.8,6252792
MSFT,Technology,2024-04-08,316.8,318.54,315.42,316.21,316.21,9445945
MSFT,Technology,2024-04-09,316.21,316.86,313.14,313.3,313.3,11899228
MSFT,Technology,2024-04-10,313.3,315.25,312.84,314.93,314.93,9227397
MSFT,Technology,2024-04-11,314.93,316.59,313.82,316.55,316.55,7813190
MSFT,Technology,2024-04-12,316.55,320.6,314.66,315.97,315.97,9213017
MSFT,Technology,2024-04-15,315.97,322.72,315.83,321.99,321.99,4548132
MSFT,Technology,2024-04-16,321.99,327.23,320.46,326.36,326.36,9288184
MSFT,Technology,2024-04-17,326.36,330.34,325.72,330.08,330.08,5968744
MSFT,Technology,2024-04-18,330.08,331.44,326.99,327.34,327.34,9160221
MSFT,Technology,2024-04-19,327.34,328.01,323.82,325.06,325.06,9016637
MSFT,Technology,2024-04-22,325.06,336.11,324.81,334.68,334.68,8578971
MSFT,Technology,2024-04-23,334.68,337.36,333.26,337.35,337.35,9027937
MSFT,Technology,2024-04-24,337.35,338.68,336.66,336.71,336.71,7359404
MSFT,Technology,2024-04-25,336.71,345.7,336.44,345.39,345.39,7152400
MSFT,Technology,2024-04-26,345.39,347.68,342.9,347.27,347.27,8841884
MSFT,Technology,2024-04-29,347.27,349.99,343.1,346.04,346.04,6541227
MSFT,Technology,2024-04-30,346.04,352.6,345.28,352.56,352.56,5984285
MSFT,Technology,2024-05-01,352.56,353.14,347.76,350.02,350.02,7226430
MSFT,Technology,2024-05-02,350.02,358.4,349.88,356.23,356.23,10940317
MSFT,Technology,2024-05-03,356.23,356.86,354.55,356.67,356.67,10850430
MSFT,Technology,2024-05-06,356.67,356.96,354.03,354.6,354.6,9258235
MSFT,Technology,2024-05-07,354.6,355.7,352.14,352.32,352.32,12653429
MSFT,Technology,2024-05-08,352.32,353.27,346.2,347.63,347.63,4839802
MSFT,Technology,2024-05-09,347.63,352.34,347.06,351.4,351.4,7420981
MSFT,Technology,2024-05-10,351.4,357.65,349.0,354.95,354.95,2535221
MSFT,Technology,2024-05-13,354.95,357.47,354.19,355.9,355.9,7782720
MSFT,Technology,2024-05-14,355.9,358.08,355.28,357.8,357.8,9801408
MSFT,Technology,2024-05-15,357.8,359.49,356.46,359.04,359.04,10606357
MSFT,Technology,2024-05-16,359.04,360.2,356.11,356.59,356.59,6450148
MSFT,Technology,2024-05-17,356.59,356.72,352.27,352.3,352.3,7272368
MSFT,Technology,2024-05-20,352.3,358.79,350.82,356.49,356.49,5926517
MSFT,Technology,2024-05-21,356.49,360.17,356.34,358.88,358.88,7594827
MSFT,Technology,2024-05-22,358.88,361.15,358.38,359.48,359.48,10792421
MSFT,Technology,2024-05-23,359.48,361.99,359.21,361.06,361.06,10402510
MSFT,Technology,2024-05-24,361.06,362.04,345.6,347.65,347.65,7155168
MSFT,Technology,2024-05-27,347.65,352.53,345.41,352.21,352.21,11155794
MSFT,Technology,2024-05-28,352.21,361.61,350.85,360.54,360.54,8072387
MSFT,Technology,2024-05-29,360.54,364.01,359.32,359.5,359.5,9323564
MSFT,Technology,2024-05-30,359.5,362.41,359.35,359.97,359.97,7557544
MSFT,Technology,2024-05-31,359.97,363.15,357.39,358.01,358.01,6338189
MSFT,Technology,2024-06-03,358.01,358.12,349.95,351.21,351.21,6393415
MSFT,Technology,2024-06-04,351.21,379.72,350.53,379.71,379.71,28850568
MSFT,Technology,2024-06-05,379.71,380.19,371.4,372.27,372.27,10048911
MSFT,Technology,2024-06-06,372.27,375.2,371.62,373.22,373.22,8166305
MSFT,Technology,2024-06-07,373.22,373.38,369.74,371.94,371.94,6297559
MSFT,Technology,2024-06-10,371.94,375.14,370.16,373.99,373.99,10470132
MSFT,Technology,2024-06-11,373.99,401.08,373.78,400.41,400.41,22008463
MSFT,Technology,2024-06-12,400.41,401.84,397.77,399.19,399.19,7263485
MSFT,Technology,2024-06-13,399.19,408.77,398.83,407.97,407.97,6439993
MSFT,Technology,2024-06-14,407.97,409.94,406.05,409.22,409.22,3838439
MSFT,Technology,2024-06-17,409.22,411.93,408.21,410.69,410.69,8867608
MSFT,Technology,2024-06-18,410.69,433.87,409.31,433.68,433.68,21698877
MSFT,Technology,2024-06-19,433.68,436.26,432.63,432.92,432.92,6445548
MSFT,Technology,2024-06-20,432.92,434.8,429.5,431.43,431.43,8315500
MSFT,Technology,2024-06-21,431.43,432.24,419.51,423.22,423.22,4691529
MSFT,Technology,2024-06-24,423.22,423.61,421.26,421.39,421.39,7170537
MSFT,Technology,2024-06-25,421.39,435.24,420.71,429.93,429.93,8310587
MSFT,Technology,2024-06-26,429.93,435.25,429.18,431.6,431.6,11183221
MSFT,Technology,2024-06-27,431.6,439.48,429.98,439.28,439.28,8340466
MSFT,Technology,2024-06-28,439.28,439.46,429.68,432.74,432.74,4517664
MSFT,Technology,2024-07-01,432.74,433.5,427.88,427.96,427.96,7877953
MSFT,Technology,2024-07-02,427.96,430.45,419.64,419.85,419.85,7965924
MSFT,Technology,2024-07-03,419.85,420.01,415.05,415.08,415.08,8953387
MSFT,Technology,2024-07-04,415.08,415.28,407.29,408.0,408.0,10447818
MSFT,Technology,2024-07-05,408.0,412.78,404.68,411.39,411.39,8204848
MSFT,Technology,2024-07-08,411.39,416.17,410.9,415.33,415.33,5160764
MSFT,Technology,2024-07-09,415.33,416.27,411.1,412.59,412.59,10545543
MSFT,Technology,2024-07-10,412.59,420.09,411.44,419.03,419.03,9091932
MSFT,Technology,2024-07-11,419.03,423.28,418.6,421.99,421.99,5553052
MSFT,Technology,2024-07-12,421.99,423.92,411.19,412.31,412.31,8181613
MSFT,Technology,2024-07-15,412.31,415.56,409.02,410.51,410.51,8069301
MSFT,Technology,2024-07-16,410.51,413.21,405.16,410.5,410.5,5013299
MSFT,Technology,2024-07-17,410.5,413.68,400.0,400.36,400.36,9618562
MSFT,Technology,2024-07-18,400.36,404.14,396.98,403.64,403.64,5195493
MSFT,Technology,2024-07-19,403.64,411.79,401.99,411.16,411.16,6093377
MSFT,Technology,2024-07-22,411.16,412.56,403.67,405.11,405.11,9893921
MSFT,Technology,2024-07-23,405.11,407.59,403.35,405.84,405.84,9175857
MSFT,Technology,2024-07-24,405.84,414.46,405.64,413.02,413.02,7144468
MSFT,Technology,2024-07-25,413.02,443.45,411.06,443.12,443.12,35810613
MSFT,Technology,2024-07-26,443.12,443.49,438.38,438.67,438.67,6212233
MSFT,Technology,2024-07-29,438.67,438.92,434.64,434.83,434.83,7676555
MSFT,Technology,2024-07-30,434.83,436.38,434.83,435.32,435.32,6038987
MSFT,Technology,2024-07-31,435.32,441.29,435.04,439.64,439.64,6297026
MSFT,Technology,2024-08-01,439.64,440.98,432.36,433.8,433.8,7534817
MSFT,Technology,2024-08-02,433.8,437.28,432.36,432.5,432.5,8055532
MSFT,Technology,2024-08-05,432.5,434.58,417.69,422.8,422.8,8441238
MSFT,Technology,2024-08-06,422.8,435.9,420.93,433.75,433.75,9877238
MSFT,Technology,2024-08-07,433.75,440.16,431.91,439.17,439.17,14623184
MSFT,Technology,2024-08-08,439.17,442.79,435.95,441.89,441.89,7932598
MSFT,Technology,2024-08-09,441.89,445.96,440.44,444.28,444.28,10690473
MSFT,Technology,2024-08-12,444.28,444.61,442.58,444.59,444.59,5521113
MSFT,Technology,2024-08-13,444.59,446.59,437.19,439.56,439.56,6033781
MSFT,Technology,2024-08-14,439.56,441.1,436.66,436.93,436.93,10267931
MSFT,Technology,2024-08-15,436.93,438.26,435.39,435.86,435.86,6601379
MSFT,Technology,2024-08-16,435.86,436.09,420.4,421.28,421.28,6040630
MSFT,Technology,2024-08-19,421.28,422.82,421.13,422.7,422.7,8473557
MSFT,Technology,2024-08-20,422.7,423.24,418.61,419.35,419.35,8335464
MSFT,Technology,2024-08-21,419.35,422.24,416.92,422.03,422.03,2489165
MSFT,Technology,2024-08-22,422.03,424.09,417.01,419.08,419.08,7231779
MSFT,Technology,2024-08-23,419.08,419.89,415.31,417.04,417.04,7818165
MSFT,Technology,2024-08-26,417.04,423.05,415.8,421.25,421.25,6996887
MSFT,Technology,2024-08-27,421.25,430.45,419.24,429.06,429.06,11942415
MSFT,Technology,2024-08-28,429.06,430.16,422.46,423.95,423.95,4609914
MSFT,Technology,2024-08-29,423.95,424.15,413.52,413.9,413.9,5613561
MSFT,Technology,2024-08-30,413.9,414.21,399.22,399.34,399.34,8036046
MSFT,Technology,2024-09-02,399.34,402.69,397.45,402.63,402.63,10674372
MSFT,Technology,2024-09-03,402.63,408.11,402.24,406.94,406.94,8461363
MSFT,Technology,2024-09-04,406.94,414.04,404.92,412.81,412.81,4477939
MSFT,Technology,2024-09-05,412.81,414.14,411.71,414.06,414.06,9624719
MSFT,Technology,2024-09-06,414.06,415.61,401.0,401.17,401.17,4056346
MSFT,Technology,2024-09-09,401.17,403.83,399.6,400.46,400.46,8123903
MSFT,Technology,2024-09-10,400.46,401.5,398.99,399.59,399.59,7237483
MSFT,Technology,2024-09-11,399.59,407.94,399.07,407.04,407.04,7112994
MSFT,Technology,2024-09-12,407.04,409.61,398.63,399.92,399.92,4981813
MSFT,Technology,2024-09-13,399.92,400.67,398.37,398.89,398.89,9487823
MSFT,Technology,2024-09-16,398.89,399.14,390.56,393.09,393.09,8443377
MSFT,Technology,2024-09-17,393.09,404.51,391.77,404.5,404.5,6517672
MSFT,Technology,2024-09-18,404.5,420.34,402.2,417.17,417.17,7360034
MSFT,Technology,2024-09-19,417.17,418.16,414.88,414.96,414.96,8796425
MSFT,Technology,2024-09-20,414.96,417.64,412.47,412.79,412.79,6411242
MSFT,Technology,2024-09-23,412.79,415.57,412.65,415.54,415.54,5016022
MSFT,Technology,2024-09-24,415.54,416.92,408.67,410.24,410.24,9133775
MSFT,Technology,2024-09-25,410.24,419.64,409.22,419.05,419.05,7502053
MSFT,Technology,2024-09-26,419.05,425.18,417.57,423.03,423.03,6914983
MSFT,Technology,2024-09-27,423.03,423.48,420.51,420.54,420.54,6832208
MSFT,Technology,2024-09-30,420.54,421.11,414.91,416.15,416.15,7565061
MSFT,Technology,2024-10-01,416.15,418.35,412.25,412.65,412.65,8360973
MSFT,Technology,2024-10-02,412.65,414.5,411.52,413.52,413.52,9897501
MSFT,Technology,2024-10-03,413.52,415.0,401.27,402.41,402.41,6565497
MSFT,Technology,2024-10-04,402.41,402.46,393.45,394.09,394.09,9647164
MSFT,Technology,2024-10-07,394.09,395.87,393.23,394.95,394.95,14322132
MSFT,Technology,2024-10-08,394.95,396.46,390.48,390.78,390.78,10211960
MSFT,Technology,2024-10-09,390.78,393.14,389.71,390.35,390.35,4818776
MSFT,Technology,2024-10-10,390.35,391.95,383.58,387.62,387.62,8477475
MSFT,Technology,2024-10-11,387.62,390.89,386.01,390.26,390.26,9777418
MSFT,Technology,2024-10-14,390.26,390.92,382.59,385.33,385.33,8767164
MSFT,Technology,2024-10-15,385.33,385.45,381.82,382.88,382.88,1859915
MSFT,Technology,2024-10-16,382.88,384.44,378.19,379.22,379.22,5242894
MSFT,Technology,2024-10-17,379.22,383.74,377.61,383.03,383.03,5124119
MSFT,Technology,2024-10-18,383.03,388.83,381.83,387.93,387.93,7396306
MSFT,Technology,2024-10-21,387.93,390.13,384.03,384.95,384.95,8548583
MSFT,Technology,2024-10-22,384.95,395.54,384.31,394.94,394.94,11363836
MSFT,Technology,2024-10-23,394.94,401.21,393.4,398.81,398.81,9928076
MSFT,Technology,2024-10-24,398.81,400.8,397.84,399.27,399.27,7560328
MSFT,Technology,2024-10-25,399.27,403.97,397.97,402.54,402.54,7821893
MSFT,Technology,2024-10-28,402.54,410.46,401.19,408.95,408.95,6518592
MSFT,Technology,2024-10-29,408.95,410.75,404.32,406.04,406.04,10250144
MSFT,Technology,2024-10-30,406.04,410.07,404.27,409.93,409.93,7070960
MSFT,Technology,2024-10-31,409.93,415.61,409.83,414.21,414.21,9091508
MSFT,Technology,2024-11-01,414.21,420.66,413.38,418.98,418.98,8119456
MSFT,Technology,2024-11-04,418.98,420.43,418.59,419.32,419.32,8645657
MSFT,Technology,2024-11-05,419.32,423.38,418.52,421.04,421.04,5929338
MSFT,Technology,2024-11-06,421.04,426.09,419.95,425.43,425.43,9853027
MSFT,Technology,2024-11-07,425.43,435.69,424.8,432.34,432.34,8344132
MSFT,Technology,2024-11-08,432.34,433.05,419.79,421.89,421.89,4363771
MSFT,Technology,2024-11-11,421.89,430.87,420.99,429.38,429.38,3902340
MSFT,Technology,2024-11-12,429.38,431.51,422.06,422.97,422.97,7631637
MSFT,Technology,2024-11-13,422.97,433.46,422.36,431.48,431.48,4817485
MSFT,Technology,2024-11-14,431.48,431.93,428.42,429.29,429.29,3995716
MSFT,Technology,2024-11-15,429.29,429.42,421.22,421.6,421.6,5781840
MSFT,Technology,2024-11-18,421.6,428.92,419.74,427.15,427.15,4013016
MSFT,Technology,2024-11-19,427.15,428.29,420.94,422.5,422.5,5590502
MSFT,Technology,2024-11-20,422.5,424.14,422.36,424.02,424.02,8445662
MSFT,Technology,2024-11-21,424.02,426.87,421.82,425.49,425.49,9991357
MSFT,Technology,2024-11-22,425.49,432.6,422.81,430.62,430.62,10222549
MSFT,Technology,2024-11-25,430.62,437.55,429.67,434.87,434.87,8817414
MSFT,Technology,2024-11-26,434.87,439.88,433.37,437.56,437.56,12068932
MSFT,Technology,2024-11-27,437.56,438.58,436.55,438.13,438.13,7850741
MSFT,Technology,2024-11-28,438.13,445.93,436.62,445.33,445.33,7661773
MSFT,Technology,2024-11-29,445.33,447.96,444.56,447.62,447.62,4144214
MSFT,Technology,2024-12-02,447.62,461.43,446.17,458.9,458.9,5664218
MSFT,Technology,2024-12-03,458.9,462.57,457.46,461.53,461.53,6342701
MSFT,Technology,2024-12-04,461.53,463.06,452.82,455.93,455.93,7278072
MSFT,Technology,2024-12-05,455.93,468.42,455.02,466.56,466.56,9132805
MSFT,Technology,2024-12-06,466.56,468.77,463.91,467.38,467.38,9635214
MSFT,Technology,2024-12-09,467.38,471.93,466.1,468.72,468.72,7497646
MSFT,Technology,2024-12-10,468.72,480.59,467.2,476.08,476.08,7352860
MSFT,Technology,2024-12-11,476.08,485.04,473.54,483.8,483.8,9663004
MSFT,Technology,2024-12-12,483.8,487.12,479.0,480.03,480.03,8442194
MSFT,Technology,2024-12-13,480.03,483.44,477.1,477.15,477.15,3392784
MSFT,Technology,2024-12-16,477.15,478.71,476.67,477.39,477.39,7097282
MSFT,Technology,2024-12-17,477.39,491.41,476.86,489.41,489.41,7328575
MSFT,Technology,2024-12-18,489.41,495.85,488.06,495.17,495.17,8791950
MSFT,Technology,2024-12-19,495.17,497.39,482.77,488.53,488.53,10987230
MSFT,Technology,2024-12-20,488.53,491.12,478.35,479.63,479.63,10413284
MSFT,Technology,2024-12-23,479.63,482.25,471.84,472.28,472.28,5956624
MSFT,Technology,2024-12-24,472.28,479.42,471.49,473.77,473.77,10032793
MSFT,Technology,2024-12-25,473.77,475.57,469.87,475.26,475.26,5285867
MSFT,Technology,2024-12-26,475.26,480.52,473.29,478.74,478.74,9785157
MSFT,Technology,2024-12-27,478.74,483.18,477.38,479.83,479.83,4979588
MSFT,Technology,2024-12-30,479.83,480.42,475.99,478.71,478.71,9439662
MSFT,Technology,2024-12-31,478.71,479.84,476.11,478.06,478.06,13012262
TSLA,Consumer Discretionary,2024-01-01,240.0,241.8,225.76,226.75,226.75,12340894
TSLA,Consumer Discretionary,2024-01-02,226.75,226.75,205.45,205.9,205.9,14863840
TSLA,Consumer Discretionary,2024-01-03,205.9,206.11,198.95,199.29,199.29,3032718
TSLA,Consumer Discretionary,2024-01-04,199.29,200.32,196.02,196.05,196.05,2261690
TSLA,Consumer Discretionary,2024-01-05,196.05,196.09,194.02,194.06,194.06,3082009
TSLA,Consumer Discretionary,2024-01-08,194.06,208.69,193.84,207.89,207.89,22438621
TSLA,Consumer Discretionary,2024-01-09,207.89,210.87,206.98,210.59,210.59,3249187
TSLA,Consumer Discretionary,2024-01-10,210.59,210.76,200.85,200.93,200.93,5228062
TSLA,Consumer Discretionary,2024-01-11,200.93,201.49,199.65,199.69,199.69,4069627
TSLA,Consumer Discretionary,2024-01-12,199.69,207.53,199.53,205.68,205.68,3328309
TSLA,Consumer Discretionary,2024-01-15,205.68,206.22,202.81,204.34,204.34,4743653
TSLA,Consumer Discretionary,2024-01-16,204.34,205.31,199.71,199.86,199.86,3258868
TSLA,Consumer Discretionary,2024-01-17,199.86,212.48,199.34,212.24,212.24,7819962
TSLA,Consumer Discretionary,2024-01-18,212.24,215.6,211.85,214.3,214.3,5746986
TSLA,Consumer Discretionary,2024-01-19,214.3,220.34,213.32,219.65,219.65,4068748
TSLA,Consumer Discretionary,2024-01-22,219.65,229.37,219.26,227.97,227.97,3424608
TSLA,Consumer Discretionary,2024-01-23,227.97,230.84,227.48,230.41,230.41,5730060
TSLA,Consumer Discretionary,2024-01-24,230.41,237.1,229.46,236.8,236.8,4477512
TSLA,Consumer Discretionary,2024-01-25,236.8,252.09,236.2,251.87,251.87,6928400
TSLA,Consumer Discretionary,2024-01-26,251.87,253.28,247.31,248.68,248.68,4037253
TSLA,Consumer Discretionary,2024-01-29,248.68,251.17,248.17,250.69,250.69,5236696
TSLA,Consumer Discretionary,2024-01-30,250.69,251.54,244.89,244.99,244.99,3936606
TSLA,Consumer Discretionary,2024-01-31,244.99,246.07,232.31,232.87,232.87,2861982
TSLA,Consumer Discretionary,2024-02-01,232.87,238.01,231.9,236.72,236.72,4644614
TSLA,Consumer Discretionary,2024-02-02,236.72,243.43,236.47,242.69,242.69,3353389
TSLA,Consumer Discretionary,2024-02-05,242.69,244.6,233.89,234.2,234.2,4589850
TSLA,Consumer Discretionary,2024-02-06,234.2,234.26,229.23,229.86,229.86,3637545
TSLA,Consumer Discretionary,2024-02-07,229.86,230.53,226.85,227.28,227.28,4773553
TSLA,Consumer Discretionary,2024-02-08,227.28,227.39,221.05,221.72,221.72,4734962
TSLA,Consumer Discretionary,2024-02-09,221.72,221.93,212.85,213.89,213.89,3282917
TSLA,Consumer Discretionary,2024-02-12,213.89,214.44,199.89,200.39,200.39,19719175
TSLA,Consumer Discretionary,2024-02-13,200.39,209.65,200.19,207.97,207.97,5254106
TSLA,Consumer Discretionary,2024-02-14,207.97,209.1,206.5,209.08,209.08,3409427
TSLA,Consumer Discretionary,2024-02-15,209.08,209.55,198.95,199.24,199.24,1479968
TSLA,Consumer Discretionary,2024-02-16,199.24,204.38,199.19,203.66,203.66,3216290
TSLA,Consumer Discretionary,2024-02-19,203.66,213.19,202.06,212.2,212.2,4004434
TSLA,Consumer Discretionary,2024-02-20,212.2,220.96,211.86,219.78,219.78,2773631
TSLA,Consumer Discretionary,2024-02-21,219.78,220.1,208.89,210.57,210.57,3362834
TSLA,Consumer Discretionary,2024-02-22,210.57,210.85,207.72,208.16,208.16,5597040
TSLA,Consumer Discretionary,2024-02-23,208.16,214.82,208.12,214.39,214.39,4669767
TSLA,Consumer Discretionary,2024-02-26,214.39,214.64,194.18,195.47,195.47,17854929
TSLA,Consumer Discretionary,2024-02-27,195.47,208.85,194.84,207.54,207.54,12280144
TSLA,Consumer Discretionary,2024-02-28,207.54,208.06,199.26,199.39,199.39,4254254
TSLA,Consumer Discretionary,2024-02-29,199.39,200.18,193.0,193.2,193.2,4984412
TSLA,Consumer Discretionary,2024-03-01,193.2,193.55,192.89,193.03,193.03,3418445
TSLA,Consumer Discretionary,2024-03-04,193.03,195.65,192.87,195.41,195.41,3104105
TSLA,Consumer Discretionary,2024-03-05,195.41,196.62,192.93,194.26,194.26,3444621
TSLA,Consumer Discretionary,2024-03-06,194.26,195.07,189.78,190.15,190.15,3577694
TSLA,Consumer Discretionary,2024-03-07,190.15,191.13,184.8,185.08,185.08,4398478
TSLA,Consumer Discretionary,2024-03-08,185.08,191.14,185.06,190.85,190.85,2981885
TSLA,Consumer Discretionary,2024-03-11,190.85,196.12,190.66,194.73,194.73,2724378
TSLA,Consumer Discretionary,2024-03-12,194.73,194.74,186.77,186.84,186.84,1868504
TSLA,Consumer Discretionary,2024-03-13,186.84,187.47,185.49,186.37,186.37,1213652
TSLA,Consumer Discretionary,2024-03-14,186.37,191.21,186.01,189.96,189.96,4442479
TSLA,Consumer Discretionary,2024-03-15,189.96,194.12,189.06,192.64,192.64,3400738
TSLA,Consumer Discretionary,2024-03-18,192.64,204.24,191.68,204.18,204.18,10688639
TSLA,Consumer Discretionary,2024-03-19,204.18,205.04,201.02,202.29,202.29,3671208
TSLA,Consumer Discretionary,2024-03-20,202.29,202.53,200.41,200.62,200.62,2493870
TSLA,Consumer Discretionary,2024-03-21,200.62,202.78,197.98,198.22,198.22,2180028
TSLA,Consumer Discretionary,2024-03-22,198.22,209.5,197.19,208.52,208.52,11121696
TSLA,Consumer Discretionary,2024-03-25,208.52,208.97,203.84,204.15,204.15,3770990
TSLA,Consumer Discretionary,2024-03-26,204.15,205.06,203.16,204.69,204.69,3384164
TSLA,Consumer Discretionary,2024-03-27,204.69,204.88,199.29,199.61,199.61,4561978
TSLA,Consumer Discretionary,2024-03-28,199.61,204.1,199.29,203.3,203.3,3630629
TSLA,Consumer Discretionary,2024-03-29,203.3,204.03,182.24,182.35,182.35,8281400
TSLA,Consumer Discretionary,2024-04-01,182.35,186.1,181.62,184.87,184.87,3059773
TSLA,Consumer Discretionary,2024-04-02,184.87,189.6,184.32,189.46,189.46,5198579
TSLA,Consumer Discretionary,2024-04-03,189.46,199.1,189.19,198.62,198.62,4202447
TSLA,Consumer Discretionary,2024-04-04,198.62,209.56,197.72,208.84,208.84,10246130
TSLA,Consumer Discretionary,2024-04-05,208.84,209.38,198.77,199.99,199.99,3786835
TSLA,Consumer Discretionary,2024-04-08,199.99,202.93,199.37,202.19,202.19,4831989
TSLA,Consumer Discretionary,2024-04-09,202.19,203.85,199.04,199.22,199.22,4582557
TSLA,Consumer Discretionary,2024-04-10,199.22,199.59,189.08,190.54,190.54,5036985
TSLA,Consumer Discretionary,2024-04-11,190.54,193.55,189.44,192.45,192.45,2731200
TSLA,Consumer Discretionary,2024-04-12,192.45,193.66,189.13,189.6,189.6,2030496
TSLA,Consumer Discretionary,2024-04-15,189.6,190.53,182.96,183.04,183.04,3518602
TSLA,Consumer Discretionary,2024-04-16,183.04,194.82,182.4,193.99,193.99,7068040
TSLA,Consumer Discretionary,2024-04-17,193.99,194.06,178.75,179.15,179.15,5279500
TSLA,Consumer Discretionary,2024-04-18,179.15,179.56,165.84,166.28,166.28,11554868
TSLA,Consumer Discretionary,2024-04-19,166.28,171.59,166.27,171.28,171.28,4275640
TSLA,Consumer Discretionary,2024-04-22,171.28,171.43,162.49,163.01,163.01,2815689
TSLA,Consumer Discretionary,2024-04-23,163.01,163.83,157.87,158.03,158.03,4870239
TSLA,Consumer Discretionary,2024-04-24,158.03,158.39,153.56,153.68,153.68,5774468
TSLA,Consumer Discretionary,2024-04-25,153.68,154.03,151.37,151.6,151.6,5144816
TSLA,Consumer Discretionary,2024-04-26,151.6,152.21,147.28,147.37,147.37,2863544
TSLA,Consumer Discretionary,2024-04-29,147.37,148.22,147.24,148.18,148.18,4306064
TSLA,Consumer Discretionary,2024-04-30,148.18,148.95,147.74,147.93,147.93,4155181
TSLA,Consumer Discretionary,2024-05-01,147.93,150.51,146.86,150.12,150.12,5648569
TSLA,Consumer Discretionary,2024-05-02,150.12,150.2,147.98,148.01,148.01,3692138
TSLA,Consumer Discretionary,2024-05-03,148.01,158.01,147.61,157.87,157.87,8898259
TSLA,Consumer Discretionary,2024-05-06,157.87,162.88,157.74,162.42,162.42,3231364
TSLA,Consumer Discretionary,2024-05-07,162.42,164.01,162.3,163.46,163.46,4319430
TSLA,Consumer Discretionary,2024-05-08,163.46,169.61,163.18,168.58,168.58,3612698
TSLA,Consumer Discretionary,2024-05-09,168.58,173.18,168.27,172.63,172.63,2169116
TSLA,Consumer Discretionary,2024-05-10,172.63,173.16,167.45,168.47,168.47,4151180
TSLA,Consumer Discretionary,2024-05-13,168.47,168.83,168.03,168.7,168.7,4367046
TSLA,Consumer Discretionary,2024-05-14,168.7,168.79,166.92,167.25,167.25,4504141
TSLA,Consumer Discretionary,2024-05-15,167.25,168.2,166.96,167.77,167.77,5248742
TSLA,Consumer Discretionary,2024-05-16,167.77,169.17,167.62,168.6,168.6,2702635
TSLA,Consumer Discretionary,2024-05-17,168.6,173.57,168.24,173.08,173.08,4270837
TSLA,Consumer Discretionary,2024-05-20,173.08,185.32,172.33,184.26,184.26,9968081
TSLA,Consumer Discretionary,2024-05-21,184.26,185.07,174.11,174.41,174.41,11547913
TSLA,Consumer Discretionary,2024-05-22,174.41,183.98,173.69,183.93,183.93,13829430
TSLA,Consumer Discretionary,2024-05-23,183.93,186.74,183.46,186.62,186.62,1770736
TSLA,Consumer Discretionary,2024-05-24,186.62,197.38,185.3,197.1,197.1,10611585
TSLA,Consumer Discretionary,2024-05-27,197.1,201.78,197.02,200.37,200.37,2179232
TSLA,Consumer Discretionary,2024-05-28,200.37,200.6,195.94,196.64,196.64,3403947
TSLA,Consumer Discretionary,2024-05-29,196.64,197.14,195.45,196.35,196.35,2819280
TSLA,Consumer Discretionary,2024-05-30,196.35,196.82,194.16,194.54,194.54,5618951
TSLA,Consumer Discretionary,2024-05-31,194.54,201.17,194.24,201.06,201.06,3681069
TSLA,Consumer Discretionary,2024-06-03,201.06,202.41,200.81,201.14,201.14,2064805
TSLA,Consumer Discretionary,2024-06-04,201.14,204.94,201.01,204.71,204.71,5188849
TSLA,Consumer Discretionary,2024-06-05,204.71,209.32,203.8,208.63,208.63,3113179
TSLA,Consumer Discretionary,2024-06-06,208.63,212.3,207.74,211.99,211.99,3792064
TSLA,Consumer Discretionary,2024-06-07,211.99,224.41,211.84,223.1,223.1,6762549
TSLA,Consumer Discretionary,2024-06-10,223.1,223.65,215.47,215.64,215.64,5139008
TSLA,Consumer Discretionary,2024-06-11,215.64,222.14,215.48,222.14,222.14,2733891
TSLA,Consumer Discretionary,2024-06-12,222.14,233.27,221.18,233.02,233.02,5539178
TSLA,Consumer Discretionary,2024-06-13,233.02,233.9,228.75,229.33,229.33,3387165
TSLA,Consumer Discretionary,2024-06-14,229.33,229.58,227.56,228.45,228.45,2843541
TSLA,Consumer Discretionary,2024-06-17,228.45,229.71,213.57,213.73,213.73,14432281
TSLA,Consumer Discretionary,2024-06-18,213.73,213.76,212.83,213.12,213.12,3910757
TSLA,Consumer Discretionary,2024-06-19,213.12,213.41,199.87,200.25,200.25,10114736
TSLA,Consumer Discretionary,2024-06-20,200.25,200.31,195.56,195.9,195.9,4564053
TSLA,Consumer Discretionary,2024-06-21,195.9,196.46,189.59,191.1,191.1,3267972
TSLA,Consumer Discretionary,2024-06-24,191.1,196.3,188.88,195.69,195.69,3550213
TSLA,Consumer Discretionary,2024-06-25,195.69,196.97,188.45,188.64,188.64,2576716
TSLA,Consumer Discretionary,2024-06-26,188.64,193.26,188.29,192.71,192.71,3166479
TSLA,Consumer Discretionary,2024-06-27,192.71,194.06,183.82,184.98,184.98,2968599
TSLA,Consumer Discretionary,2024-06-28,184.98,189.3,184.24,188.44,188.44,3097077
TSLA,Consumer Discretionary,2024-07-01,188.44,188.82,178.45,178.82,178.82,18855008
TSLA,Consumer Discretionary,2024-07-02,178.82,179.06,171.0,171.97,171.97,2629993
TSLA,Consumer Discretionary,2024-07-03,171.97,172.11,169.15,169.75,169.75,6195544
TSLA,Consumer Discretionary,2024-07-04,169.75,170.24,166.49,167.37,167.37,6119986
TSLA,Consumer Discretionary,2024-07-05,167.37,167.89,156.43,156.66,156.66,17505748
TSLA,Consumer Discretionary,2024-07-08,156.66,162.15,156.07,161.8,161.8,3187605
TSLA,Consumer Discretionary,2024-07-09,161.8,162.34,157.19,157.47,157.47,5073668
TSLA,Consumer Discretionary,2024-07-10,157.47,163.59,157.01,162.49,162.49,6138158
TSLA,Consumer Discretionary,2024-07-11,162.49,162.83,152.67,153.12,153.12,6796356
TSLA,Consumer Discretionary,2024-07-12,153.12,160.95,152.46,160.51,160.51,4390524
TSLA,Consumer Discretionary,2024-07-15,160.51,161.86,158.68,158.95,158.95,1569030
TSLA,Consumer Discretionary,2024-07-16,158.95,160.16,152.7,153.04,153.04,2955692
TSLA,Consumer Discretionary,2024-07-17,153.04,154.3,152.92,154.26,154.26,5125498
TSLA,Consumer Discretionary,2024-07-18,154.26,156.14,154.14,154.37,154.37,3042623
TSLA,Consumer Discretionary,2024-07-19,154.37,157.96,154.1,157.81,157.81,3120212
TSLA,Consumer Discretionary,2024-07-22,157.81,160.31,157.74,159.12,159.12,4182921
TSLA,Consumer Discretionary,2024-07-23,159.12,166.53,158.56,165.76,165.76,3145335
TSLA,Consumer Discretionary,2024-07-24,165.76,173.68,164.98,172.69,172.69,2505287
TSLA,Consumer Discretionary,2024-07-25,172.69,173.18,160.69,160.84,160.84,10539532
TSLA,Consumer Discretionary,2024-07-26,160.84,169.97,160.25,169.53,169.53,14116756
TSLA,Consumer Discretionary,2024-07-29,169.53,169.93,169.47,169.72,169.72,4664869
TSLA,Consumer Discretionary,2024-07-30,169.72,169.74,163.72,164.66,164.66,2093417
TSLA,Consumer Discretionary,2024-07-31,164.66,165.05,156.31,156.7,156.7,3654353
TSLA,Consumer Discretionary,2024-08-01,156.7,166.17,156.35,164.53,164.53,5217574
TSLA,Consumer Discretionary,2024-08-02,164.53,165.6,159.13,159.87,159.87,5364777
TSLA,Consumer Discretionary,2024-08-05,159.87,162.42,158.76,161.81,161.81,4843458
TSLA,Consumer Discretionary,2024-08-06,161.81,168.28,160.67,167.73,167.73,3999623
TSLA,Consumer Discretionary,2024-08-07,167.73,168.03,160.54,160.84,160.84,1914266
TSLA,Consumer Discretionary,2024-08-08,160.84,167.0,160.8,166.77,166.77,2821235
TSLA,Consumer Discretionary,2024-08-09,166.77,174.98,165.98,173.37,173.37,6734082
TSLA,Consumer Discretionary,2024-08-12,173.37,178.31,173.37,177.41,177.41,3292874
TSLA,Consumer Discretionary,2024-08-13,177.41,178.0,170.11,170.68,170.68,4286595
TSLA,Consumer Discretionary,2024-08-14,170.68,173.68,169.73,172.79,172.79,2389446
TSLA,Consumer Discretionary,2024-08-15,172.79,172.9,163.25,164.58,164.58,4970709
TSLA,Consumer Discretionary,2024-08-16,164.58,164.69,161.81,162.48,162.48,5476000
TSLA,Consumer Discretionary,2024-08-19,162.48,163.54,155.62,157.04,157.04,2585871
TSLA,Consumer Discretionary,2024-08-20,157.04,158.91,156.67,158.29,158.29,3801242
TSLA,Consumer Discretionary,2024-08-21,158.29,160.12,156.98,158.77,158.77,3176802
TSLA,Consumer Discretionary,2024-08-22,158.77,158.92,152.56,153.66,153.66,2373462
TSLA,Consumer Discretionary,2024-08-23,153.66,154.86,149.79,149.89,149.89,4613035
TSLA,Consumer Discretionary,2024-08-26,149.89,163.12,148.89,162.76,162.76,6245230
TSLA,Consumer Discretionary,2024-08-27,162.76,163.0,155.09,156.45,156.45,5428658
TSLA,Consumer Discretionary,2024-08-28,156.45,158.3,156.33,157.66,157.66,5668878
TSLA,Consumer Discretionary,2024-08-29,157.66,158.89,156.66,158.39,158.39,3036610
TSLA,Consumer Discretionary,2024-08-30,158.39,158.44,157.55,158.03,158.03,4207060
TSLA,Consumer Discretionary,2024-09-02,158.03,164.93,156.59,164.72,164.72,3514723
TSLA,Consumer Discretionary,2024-09-03,164.72,167.99,164.35,167.61,167.61,3023763
TSLA,Consumer Discretionary,2024-09-04,167.61,167.94,166.61,167.06,167.06,4151413
TSLA,Consumer Discretionary,2024-09-05,167.06,168.43,165.42,165.81,165.81,5013139
TSLA,Consumer Discretionary,2024-09-06,165.81,166.52,164.48,164.85,164.85,3823569
TSLA,Consumer Discretionary,2024-09-09,164.85,169.89,164.65,169.75,169.75,2260696
TSLA,Consumer Discretionary,2024-09-10,169.75,172.56,169.57,171.73,171.73,5661438
TSLA,Consumer Discretionary,2024-09-11,171.73,175.22,170.69,174.45,174.45,6096086
TSLA,Consumer Discretionary,2024-09-12,174.45,175.23,174.05,174.82,174.82,2468434
TSLA,Consumer Discretionary,2024-09-13,174.82,175.03,166.06,166.99,166.99,4665069
TSLA,Consumer Discretionary,2024-09-16,166.99,167.08,157.95,158.02,158.02,7059402
TSLA,Consumer Discretionary,2024-09-17,158.02,158.36,155.12,155.2,155.2,3327270
TSLA,Consumer Discretionary,2024-09-18,155.2,156.48,139.23,139.34,139.34,12728958
TSLA,Consumer Discretionary,2024-09-19,139.34,148.77,139.03,147.65,147.65,8562832
TSLA,Consumer Discretionary,2024-09-20,147.65,149.39,147.36,148.6,148.6,4985160
TSLA,Consumer Discretionary,2024-09-23,148.6,148.67,139.58,140.13,140.13,3172609
TSLA,Consumer Discretionary,2024-09-24,140.13,141.12,134.51,134.71,134.71,3922979
TSLA,Consumer Discretionary,2024-09-25,134.71,134.98,129.92,129.98,129.98,4608905
TSLA,Consumer Discretionary,2024-09-26,129.98,130.57,125.69,125.85,125.85,3743851
TSLA,Consumer Discretionary,2024-09-27,125.85,128.35,125.15,128.08,128.08,7174044
TSLA,Consumer Discretionary,2024-09-30,128.08,128.75,124.07,124.09,124.09,4061437
TSLA,Consumer Discretionary,2024-10-01,124.09,124.77,121.66,121.95,121.95,5293482
TSLA,Consumer Discretionary,2024-10-02,121.95,122.73,119.41,119.62,119.62,4570516
TSLA,Consumer Discretionary,2024-10-03,119.62,119.83,115.3,116.33,116.33,5324884
TSLA,Consumer Discretionary,2024-10-04,116.33,117.01,115.88,117.0,117.0,5954999
TSLA,Consumer Discretionary,2024-10-07,117.0,117.55,113.45,114.66,114.66,3374318
TSLA,Consumer Discretionary,2024-10-08,114.66,120.1,114.61,119.28,119.28,2513136
TSLA,Consumer Discretionary,2024-10-09,119.28,128.88,118.7,128.06,128.06,10168685
TSLA,Consumer Discretionary,2024-10-10,128.06,132.61,127.72,132.04,132.04,4993679
TSLA,Consumer Discretionary,2024-10-11,132.04,133.33,130.59,130.87,130.87,2118568
TSLA,Consumer Discretionary,2024-10-14,130.87,133.83,130.87,132.5,132.5,3726534
TSLA,Consumer Discretionary,2024-10-15,132.5,137.64,132.16,137.14,137.14,4147693
TSLA,Consumer Discretionary,2024-10-16,137.14,137.86,136.18,136.64,136.64,6544681
TSLA,Consumer Discretionary,2024-10-17,136.64,140.86,136.52,139.46,139.46,5289181
TSLA,Consumer Discretionary,2024-10-18,139.46,141.1,138.59,140.59,140.59,3473504
TSLA,Consumer Discretionary,2024-10-21,140.59,141.81,140.12,141.34,141.34,3234060
TSLA,Consumer Discretionary,2024-10-22,141.34,141.95,136.5,137.35,137.35,6235295
TSLA,Consumer Discretionary,2024-10-23,137.35,137.46,133.87,133.91,133.91,2447790
TSLA,Consumer Discretionary,2024-10-24,133.91,134.4,129.99,130.69,130.69,5419078
TSLA,Consumer Discretionary,2024-10-25,130.69,131.21,129.58,130.24,130.24,5375729
TSLA,Consumer Discretionary,2024-10-28,130.24,130.76,125.7,125.84,125.84,4541069
TSLA,Consumer Discretionary,2024-10-29,125.84,126.02,122.77,123.79,123.79,4000819
TSLA,Consumer Discretionary,2024-10-30,123.79,127.62,123.39,127.21,127.21,1968782
TSLA,Consumer Discretionary,2024-10-31,127.21,129.84,126.86,129.75,129.75,4881565
TSLA,Consumer Discretionary,2024-11-01,129.75,129.89,125.04,125.31,125.31,5946998
TSLA,Consumer Discretionary,2024-11-04,125.31,126.18,124.36,125.44,125.44,2862528
TSLA,Consumer Discretionary,2024-11-05,125.44,125.83,121.41,121.82,121.82,3234067
TSLA,Consumer Discretionary,2024-11-06,121.82,122.36,121.61,122.32,122.32,4320182
TSLA,Consumer Discretionary,2024-11-07,122.32,122.5,120.18,120.9,120.9,2611625
TSLA,Consumer Discretionary,2024-11-08,120.9,121.26,120.45,120.84,120.84,2663144
TSLA,Consumer Discretionary,2024-11-11,120.84,122.08,120.57,121.97,121.97,4507854
TSLA,Consumer Discretionary,2024-11-12,121.97,123.5,121.97,123.43,123.43,1496226
TSLA,Consumer Discretionary,2024-11-13,123.43,125.25,122.94,124.16,124.16,3261774
TSLA,Consumer Discretionary,2024-11-14,124.16,124.33,123.27,123.63,123.63,4708506
TSLA,Consumer Discretionary,2024-11-15,123.63,123.8,122.86,123.06,123.06,3133644
TSLA,Consumer Discretionary,2024-11-18,123.06,127.32,123.02,126.73,126.73,4087448
TSLA,Consumer Discretionary,2024-11-19,126.73,127.17,126.56,127.1,127.1,5259993
TSLA,Consumer Discretionary,2024-11-20,127.1,128.81,126.79,128.64,128.64,2979357
TSLA,Consumer Discretionary,2024-11-21,128.64,140.02,128.45,139.87,139.87,15225167
TSLA,Consumer Discretionary,2024-11-22,139.87,146.49,139.67,145.88,145.88,4729874
TSLA,Consumer Discretionary,2024-11-25,145.88,146.42,144.17,144.79,144.79,5743140
TSLA,Consumer Discretionary,2024-11-26,144.79,145.28,139.63,140.19,140.19,3124402
TSLA,Consumer Discretionary,2024-11-27,140.19,140.36,126.31,126.96,126.96,9642283
TSLA,Consumer Discretionary,2024-11-28,126.96,126.98,124.4,124.73,124.73,3844905
TSLA,Consumer Discretionary,2024-11-29,124.73,125.94,122.07,122.12,122.12,5310269
TSLA,Consumer Discretionary,2024-12-02,122.12,122.54,111.4,111.78,111.78,11450533
TSLA,Consumer Discretionary,2024-12-03,111.78,116.96,111.57,116.59,116.59,4816918
TSLA,Consumer Discretionary,2024-12-04,116.59,117.82,113.31,113.37,113.37,2865696
TSLA,Consumer Discretionary,2024-12-05,113.37,113.42,105.85,106.21,106.21,19064715
TSLA,Consumer Discretionary,2024-12-06,106.21,106.53,102.37,102.8,102.8,3046939
TSLA,Consumer Discretionary,2024-12-09,102.8,103.39,102.49,103.29,103.29,3015450
TSLA,Consumer Discretionary,2024-12-10,103.29,106.43,103.0,106.08,106.08,4251268
TSLA,Consumer Discretionary,2024-12-11,106.08,112.43,106.0,112.28,112.28,14892365
TSLA,Consumer Discretionary,2024-12-12,112.28,112.3,111.65,111.94,111.94,1769527
TSLA,Consumer Discretionary,2024-12-13,111.94,115.87,111.49,115.54,115.54,3656651
TSLA,Consumer Discretionary,2024-12-16,115.54,117.41,115.4,116.61,116.61,3856676
TSLA,Consumer Discretionary,2024-12-17,116.61,117.64,116.29,117.12,117.12,3866815
TSLA,Consumer Discretionary,2024-12-18,117.12,117.7,114.5,114.62,114.62,6029922
TSLA,Consumer Discretionary,2024-12-19,114.62,115.06,112.41,112.82,112.82,4551268
TSLA,Consumer Discretionary,2024-12-20,112.82,113.98,112.78,113.78,113.78,2451053
TSLA,Consumer Discretionary,2024-12-23,113.78,113.97,110.62,111.28,111.28,3894017
TSLA,Consumer Discretionary,2024-12-24,111.28,111.28,109.96,109.98,109.98,4291524
TSLA,Consumer Discretionary,2024-12-25,109.98,114.08,109.83,114.08,114.08,5895928
TSLA,Consumer Discretionary,2024-12-26,114.08,121.03,113.5,120.67,120.67,12440377
TSLA,Consumer Discretionary,2024-12-27,120.67,128.57,120.03,128.08,128.08,8470509
TSLA,Consumer Discretionary,2024-12-30,128.08,128.51,124.63,125.08,125.08,5272177
TSLA,Consumer Discretionary,2024-12-31,125.08,126.21,123.89,125.26,125.26,4193399
XOM,Energy,2024-01-01,105.0,106.0,100.28,100.86,100.86,5660776
XOM,Energy,2024-01-02,100.86,104.57,100.64,103.54,103.54,5073436
XOM,Energy,2024-01-03,103.54,107.18,103.07,106.89,106.89,4501631
XOM,Energy,2024-01-04,106.89,108.65,106.69,107.84,107.84,3912583
XOM,Energy,2024-01-05,107.84,110.14,107.52,109.3,109.3,7005540
XOM,Energy,2024-01-08,109.3,111.24,108.34,110.81,110.81,1241959
XOM,Energy,2024-01-09,110.81,112.51,110.64,111.46,111.46,2423950
XOM,Energy,2024-01-10,111.46,112.06,111.09,111.73,111.73,5625329
XOM,Energy,2024-01-11,111.73,111.83,108.79,109.04,109.04,3477803
XOM,Energy,2024-01-12,109.04,109.29,106.07,106.4,106.4,3621883
XOM,Energy,2024-01-15,106.4,110.52,106.26,109.81,109.81,2135398
XOM,Energy,2024-01-16,109.81,109.91,108.64,109.04,109.04,5283135
XOM,Energy,2024-01-17,109.04,109.23,105.53,106.67,106.67,4077633
XOM,Energy,2024-01-18,106.67,106.72,104.93,105.56,105.56,3994889
XOM,Energy,2024-01-19,105.56,109.15,105.09,109.09,109.09,4501718
XOM,Energy,2024-01-22,109.09,109.3,105.28,105.75,105.75,2876620
XOM,Energy,2024-01-23,105.75,106.88,105.56,106.68,106.68,5575483
XOM,Energy,2024-01-24,106.68,108.59,106.53,107.72,107.72,5947109
XOM,Energy,2024-01-25,107.72,111.0,107.55,110.2,110.2,6821922
XOM,Energy,2024-01-26,110.2,110.49,107.91,108.09,108.09,7029275
XOM,Energy,2024-01-29,108.09,108.22,106.95,107.97,107.97,4853819
XOM,Energy,2024-01-30,107.97,110.44,107.95,110.24,110.24,4659058
XOM,Energy,2024-01-31,110.24,113.59,109.03,113.14,113.14,4508407
XOM,Energy,2024-02-01,113.14,113.67,110.32,110.5,110.5,3239831
XOM,Energy,2024-02-02,110.5,114.14,109.74,114.11,114.11,3112800
XOM,Energy,2024-02-05,114.11,114.52,113.94,114.18,114.18,5301315
XOM,Energy,2024-02-06,114.18,114.44,111.61,112.22,112.22,4464918
XOM,Energy,2024-02-07,112.22,115.37,111.98,114.86,114.86,4883294
XOM,Energy,2024-02-08,114.86,114.98,114.16,114.23,114.23,1798730
XOM,Energy,2024-02-09,114.23,115.81,114.17,115.57,115.57,4288759
XOM,Energy,2024-02-12,115.57,115.99,112.87,113.46,113.46,4158003
XOM,Energy,2024-02-13,113.46,113.81,113.15,113.73,113.73,3966606
XOM,Energy,2024-02-14,113.73,115.21,113.65,114.81,114.81,5067006
XOM,Energy,2024-02-15,114.81,115.08,113.01,113.21,113.21,3985501
XOM,Energy,2024-02-16,113.21,113.88,112.0,112.18,112.18,3205504
XOM,Energy,2024-02-19,112.18,112.53,111.02,111.08,111.08,1092344
XOM,Energy,2024-02-20,111.08,112.18,110.97,111.91,111.91,5033961
XOM,Energy,2024-02-21,111.91,114.29,111.73,113.85,113.85,4973634
XOM,Energy,2024-02-22,113.85,114.37,113.31,114.14,114.14,2560747
XOM,Energy,2024-02-23,114.14,114.38,111.49,112.18,112.18,836838
XOM,Energy,2024-02-26,112.18,113.9,111.86,113.54,113.54,3357493
XOM,Energy,2024-02-27,113.54,113.9,113.34,113.88,113.88,5585017
XOM,Energy,2024-02-28,113.88,114.43,109.92,110.21,110.21,4086116
XOM,Energy,2024-02-29,110.21,110.33,109.02,109.45,109.45,4388438
XOM,Energy,2024-03-01,109.45,112.45,109.06,111.88,111.88,4326154
XOM,Energy,2024-03-04,111.88,112.51,110.86,110.94,110.94,5272710
XOM,Energy,2024-03-05,110.94,111.01,107.32,107.52,107.52,5032315
XOM,Energy,2024-03-06,107.52,107.8,105.46,105.86,105.86,3761577
XOM,Energy,2024-03-07,105.86,106.75,105.79,106.21,106.21,3476509
XOM,Energy,2024-03-08,106.21,107.03,106.06,106.39,106.39,4268648
XOM,Energy,2024-03-11,106.39,107.53,105.93,106.81,106.81,3613704
XOM,Energy,2024-03-12,106.81,106.85,106.14,106.34,106.34,4493737
XOM,Energy,2024-03-13,106.34,106.41,103.5,103.88,103.88,2633817
XOM,Energy,2024-03-14,103.88,104.38,103.09,103.75,103.75,3065058
XOM,Energy,2024-03-15,103.75,103.91,101.66,101.93,101.93,2814203
XOM,Energy,2024-03-18,101.93,102.07,98.99,99.14,99.14,4562499
XOM,Energy,2024-03-19,99.14,99.3,98.78,98.93,98.93,4524677
XOM,Energy,2024-03-20,98.93,99.29,95.42,96.41,96.41,4169728
XOM,Energy,2024-03-21,96.41,99.23,96.17,98.64,98.64,529800
XOM,Energy,2024-03-22,98.64,102.34,98.38,101.9,101.9,4241852
XOM,Energy,2024-03-25,101.9,102.34,100.3,100.6,100.6,3226861
XOM,Energy,2024-03-26,100.6,100.75,100.13,100.39,100.39,2417123
XOM,Energy,2024-03-27,100.39,102.25,99.57,102.09,102.09,4685497
XOM,Energy,2024-03-28,102.09,103.88,101.94,103.23,103.23,3349229
XOM,Energy,2024-03-29,103.23,104.09,102.87,104.0,104.0,2291715
XOM,Energy,2024-04-01,104.0,104.14,102.53,102.62,102.62,5267420
XOM,Energy,2024-04-02,102.62,104.82,102.36,104.57,104.57,2051759
XOM,Energy,2024-04-03,104.57,104.83,104.55,104.8,104.8,5728702
XOM,Energy,2024-04-04,104.8,105.26,103.31,103.36,103.36,5379111
XOM,Energy,2024-04-05,103.36,105.25,103.07,104.35,104.35,3893000
XOM,Energy,2024-04-08,104.35,105.13,103.65,103.98,103.98,4493675
XOM,Energy,2024-04-09,103.98,105.26,103.75,105.1,105.1,5117609
XOM,Energy,2024-04-10,105.1,106.32,104.6,105.25,105.25,5878447
XOM,Energy,2024-04-11,105.25,105.92,104.77,105.37,105.37,3469414
XOM,Energy,2024-04-12,105.37,105.45,105.33,105.36,105.36,3228010
XOM,Energy,2024-04-15,105.36,105.9,103.55,104.0,104.0,4073454
XOM,Energy,2024-04-16,104.0,104.37,103.71,104.21,104.21,3840828
XOM,Energy,2024-04-17,104.21,104.37,100.94,101.04,101.04,2928676
XOM,Energy,2024-04-18,101.04,103.58,101.01,103.45,103.45,1999412
XOM,Energy,2024-04-19,103.45,103.62,103.05,103.58,103.58,4141430
XOM,Energy,2024-04-22,103.58,104.29,102.96,103.25,103.25,5968874
XOM,Energy,2024-04-23,103.25,103.74,102.23,102.57,102.57,5600186
XOM,Energy,2024-04-24,102.57,105.87,102.24,105.77,105.77,2482690
XOM,Energy,2024-04-25,105.77,107.26,105.47,106.73,106.73,6181613
XOM,Energy,2024-04-26,106.73,107.89,106.72,107.82,107.82,3482623
XOM,Energy,2024-04-29,107.82,110.22,107.63,109.85,109.85,3630517
XOM,Energy,2024-04-30,109.85,109.98,108.79,108.91,108.91,3224421
XOM,Energy,2024-05-01,108.91,110.18,108.36,109.26,109.26,2804300
XOM,Energy,2024-05-02,109.26,110.7,109.13,110.38,110.38,3596024
XOM,Energy,2024-05-03,110.38,111.09,110.28,110.5,110.5,3451408
XOM,Energy,2024-05-06,110.5,112.29,110.16,112.13,112.13,3890490
XOM,Energy,2024-05-07,112.13,112.85,109.8,110.04,110.04,2114886
XOM,Energy,2024-05-08,110.04,110.21,108.5,108.85,108.85,7475822
XOM,Energy,2024-05-09,108.85,110.72,108.61,110.5,110.5,3085485
XOM,Energy,2024-05-10,110.5,110.69,109.83,109.95,109.95,4291614
XOM,Energy,2024-05-13,109.95,119.98,109.37,119.9,119.9,4576962
XOM,Energy,2024-05-14,119.9,122.77,119.78,122.29,122.29,3268076
XOM,Energy,2024-05-15,122.29,122.94,122.04,122.62,122.62,3483628
XOM,Energy,2024-05-16,122.62,122.72,119.28,119.55,119.55,2655779
XOM,Energy,2024-05-17,119.55,122.29,119.08,121.23,121.23,3048971
XOM,Energy,2024-05-20,121.23,121.89,120.1,120.38,120.38,2511574
XOM,Energy,2024-05-21,120.38,121.04,120.07,121.0,121.0,4878346
XOM,Energy,2024-05-22,121.0,121.23,119.88,120.62,120.62,4039249
XOM,Energy,2024-05-23,120.62,120.91,120.08,120.85,120.85,5353490
XOM,Energy,2024-05-24,120.85,128.5,120.75,128.33,128.33,10867313
XOM,Energy,2024-05-27,128.33,132.15,127.66,130.84,130.84,1642050
XOM,Energy,2024-05-28,130.84,132.06,130.75,131.16,131.16,2464242
XOM,Energy,2024-05-29,131.16,132.08,129.24,130.18,130.18,3459097
XOM,Energy,2024-05-30,130.18,130.26,128.28,129.21,129.21,4578349
XOM,Energy,2024-05-31,129.21,129.3,125.77,126.53,126.53,5095710
XOM,Energy,2024-06-03,126.53,127.51,126.53,127.1,127.1,3318288
XOM,Energy,2024-06-04,127.1,127.55,125.08,125.44,125.44,3341296
XOM,Energy,2024-06-05,125.44,125.45,121.29,121.42,121.42,3762320
XOM,Energy,2024-06-06,121.42,122.7,120.13,120.72,120.72,5043461
XOM,Energy,2024-06-07,120.72,121.13,120.1,120.47,120.47,5566752
XOM,Energy,2024-06-10,120.47,123.27,120.02,122.53,122.53,3847698
XOM,Energy,2024-06-11,122.53,123.01,121.9,121.92,121.92,4576060
XOM,Energy,2024-06-12,121.92,127.82,121.81,127.68,127.68,4290762
XOM,Energy,2024-06-13,127.68,128.91,123.9,124.72,124.72,5326735
XOM,Energy,2024-06-14,124.72,125.42,123.39,123.77,123.77,4430667
XOM,Energy,2024-06-17,123.77,130.58,123.39,130.03,130.03,15787503
XOM,Energy,2024-06-18,130.03,130.09,129.06,129.69,129.69,4411880
XOM,Energy,2024-06-19,129.69,130.28,129.11,129.46,129.46,3808521
XOM,Energy,2024-06-20,129.46,131.02,128.92,130.89,130.89,4636603
XOM,Energy,2024-06-21,130.89,133.33,130.81,132.78,132.78,3436243
XOM,Energy,2024-06-24,132.78,132.94,119.88,119.94,119.94,15062270
XOM,Energy,2024-06-25,119.94,120.7,119.72,120.43,120.43,2184451
XOM,Energy,2024-06-26,120.43,121.86,120.16,121.09,121.09,4816276
XOM,Energy,2024-06-27,121.09,121.46,117.03,117.13,117.13,3616996
XOM,Energy,2024-06-28,117.13,117.29,114.09,114.62,114.62,4355892
XOM,Energy,2024-07-01,114.62,117.24,114.11,117.11,117.11,1949614
XOM,Energy,2024-07-02,117.11,119.28,116.71,118.62,118.62,5395406
XOM,Energy,2024-07-03,118.62,119.17,117.29,117.47,117.47,3034288
XOM,Energy,2024-07-04,117.47,117.69,115.06,115.21,115.21,5540580
XOM,Energy,2024-07-05,115.21,118.02,114.91,117.77,117.77,4539880
XOM,Energy,2024-07-08,117.77,120.24,117.2,119.59,119.59,4342963
XOM,Energy,2024-07-09,119.59,119.85,117.49,117.9,117.9,3985931
XOM,Energy,2024-07-10,117.9,118.07,116.58,117.0,117.0,4001590
XOM,Energy,2024-07-11,117.0,118.26,116.77,117.8,117.8,2940441
XOM,Energy,2024-07-12,117.8,121.03,116.78,120.77,120.77,2566972
XOM,Energy,2024-07-15,120.77,121.42,118.67,118.82,118.82,3775075
XOM,Energy,2024-07-16,118.82,119.99,118.49,119.85,119.85,4318740
XOM,Energy,2024-07-17,119.85,121.25,119.41,121.21,121.21,3291190
XOM,Energy,2024-07-18,121.21,121.35,119.97,120.06,120.06,2904626
XOM,Energy,2024-07-19,120.06,120.22,118.68,119.23,119.23,4649974
XOM,Energy,2024-07-22,119.23,122.6,118.67,121.98,121.98,5373151
XOM,Energy,2024-07-23,121.98,122.36,118.67,119.13,119.13,3867357
XOM,Energy,2024-07-24,119.13,121.74,118.89,121.62,121.62,2945831
XOM,Energy,2024-07-25,121.62,123.49,121.56,123.18,123.18,4104364
XOM,Energy,2024-07-26,123.18,127.08,122.28,126.39,126.39,3282798
XOM,Energy,2024-07-29,126.39,127.51,126.33,127.21,127.21,3714717
XOM,Energy,2024-07-30,127.21,128.11,126.77,127.74,127.74,2840611
XOM,Energy,2024-07-31,127.74,127.9,127.45,127.6,127.6,3634093
XOM,Energy,2024-08-01,127.6,129.77,127.14,129.14,129.14,4263162
XOM,Energy,2024-08-02,129.14,131.2,128.78,130.9,130.9,2987918
XOM,Energy,2024-08-05,130.9,131.46,130.14,131.42,131.42,4016979
XOM,Energy,2024-08-06,131.42,131.58,129.88,130.12,130.12,5398392
XOM,Energy,2024-08-07,130.12,130.46,128.97,129.58,129.58,6184652
XOM,Energy,2024-08-08,129.58,130.01,127.99,128.36,128.36,4164006
XOM,Energy,2024-08-09,128.36,131.07,127.83,131.06,131.06,5102697
XOM,Energy,2024-08-12,131.06,131.63,129.96,130.07,130.07,3267061
XOM,Energy,2024-08-13,130.07,130.41,129.92,130.41,130.41,5549528
XOM,Energy,2024-08-14,130.41,132.06,129.51,131.37,131.37,2227582
XOM,Energy,2024-08-15,131.37,132.33,128.62,128.8,128.8,4587105
XOM,Energy,2024-08-16,128.8,130.76,128.15,130.32,130.32,4026940
XOM,Energy,2024-08-19,130.32,130.87,129.73,129.76,129.76,3628420
XOM,Energy,2024-08-20,129.76,131.24,121.39,121.95,121.95,9451540
XOM,Energy,2024-08-21,121.95,122.0,119.72,120.44,120.44,4738209
XOM,Energy,2024-08-22,120.44,120.78,120.3,120.55,120.55,4156319
XOM,Energy,2024-08-23,120.55,121.36,120.04,121.11,121.11,3797629
XOM,Energy,2024-08-26,121.11,122.78,120.72,122.59,122.59,5760189
XOM,Energy,2024-08-27,122.59,124.3,122.22,124.05,124.05,3972906
XOM,Energy,2024-08-28,124.05,125.85,123.39,125.72,125.72,3794513
XOM,Energy,2024-08-29,125.72,125.77,125.05,125.21,125.21,3902944
XOM,Energy,2024-08-30,125.21,125.69,124.14,124.42,124.42,6032724
XOM,Energy,2024-09-02,124.42,124.43,114.66,114.77,114.77,8259408
XOM,Energy,2024-09-03,114.77,117.07,114.41,116.55,116.55,2859923
XOM,Energy,2024-09-04,116.55,116.77,113.13,113.71,113.71,2503248
XOM,Energy,2024-09-05,113.71,113.83,112.93,113.16,113.16,5527084
XOM,Energy,2024-09-06,113.16,113.64,112.58,113.43,113.43,3249303
XOM,Energy,2024-09-09,113.43,113.99,112.05,112.68,112.68,3419057
XOM,Energy,2024-09-10,112.68,114.55,112.46,114.53,114.53,4657186
XOM,Energy,2024-09-11,114.53,115.92,114.5,115.66,115.66,3954528
XOM,Energy,2024-09-12,115.66,120.95,115.64,120.38,120.38,3671798
XOM,Energy,2024-09-13,120.38,121.06,120.37,120.81,120.81,3635722
XOM,Energy,2024-09-16,120.81,122.34,120.65,120.67,120.67,6396220
XOM,Energy,2024-09-17,120.67,121.44,120.01,120.51,120.51,4568088
XOM,Energy,2024-09-18,120.51,121.6,120.5,121.13,121.13,4667706
XOM,Energy,2024-09-19,121.13,121.87,120.88,121.55,121.55,4594966
XOM,Energy,2024-09-20,121.55,121.78,121.28,121.58,121.58,4458556
XOM,Energy,2024-09-23,121.58,126.76,121.05,125.74,125.74,3692463
XOM,Energy,2024-09-24,125.74,125.94,125.06,125.26,125.26,3206967
XOM,Energy,2024-09-25,125.26,126.23,124.93,125.82,125.82,4866284
XOM,Energy,2024-09-26,125.82,126.15,123.0,123.13,123.13,5227841
XOM,Energy,2024-09-27,123.13,123.63,122.23,122.73,122.73,4956042
XOM,Energy,2024-09-30,122.73,123.27,122.72,122.79,122.79,4885015
XOM,Energy,2024-10-01,122.79,123.23,122.78,122.92,122.92,5442941
XOM,Energy,2024-10-02,122.92,124.48,120.49,120.65,120.65,5400141
XOM,Energy,2024-10-03,120.65,121.66,120.12,120.47,120.47,3219208
XOM,Energy,2024-10-04,120.47,120.55,115.8,116.21,116.21,3375286
XOM,Energy,2024-10-07,116.21,116.39,112.28,112.5,112.5,1660753
XOM,Energy,2024-10-08,112.5,112.83,108.56,108.6,108.6,4451812
XOM,Energy,2024-10-09,108.6,108.95,106.72,107.03,107.03,4782796
XOM,Energy,2024-10-10,107.03,109.84,106.44,109.65,109.65,4360068
XOM,Energy,2024-10-11,109.65,109.83,108.44,109.01,109.01,2950677
XOM,Energy,2024-10-14,109.01,110.32,109.0,110.2,110.2,2405796
XOM,Energy,2024-10-15,110.2,111.58,109.79,111.49,111.49,2739252
XOM,Energy,2024-10-16,111.49,113.7,111.47,113.16,113.16,5787763
XOM,Energy,2024-10-17,113.16,113.37,111.02,111.63,111.63,3215585
XOM,Energy,2024-10-18,111.63,111.66,110.03,110.12,110.12,2941724
XOM,Energy,2024-10-21,110.12,110.75,109.16,110.49,110.49,3364639
XOM,Energy,2024-10-22,110.49,110.7,108.43,109.46,109.46,3716836
XOM,Energy,2024-10-23,109.46,109.95,109.07,109.68,109.68,5138575
XOM,Energy,2024-10-24,109.68,110.01,109.22,109.95,109.95,3005300
XOM,Energy,2024-10-25,109.95,110.26,107.34,107.42,107.42,3956403
XOM,Energy,2024-10-28,107.42,107.93,107.4,107.71,107.71,5508495
XOM,Energy,2024-10-29,107.71,112.99,107.45,112.48,112.48,2782624
XOM,Energy,2024-10-30,112.48,112.68,109.68,109.94,109.94,4736639
XOM,Energy,2024-10-31,109.94,110.12,108.14,108.57,108.57,5648697
XOM,Energy,2024-11-01,108.57,108.78,106.84,107.02,107.02,4599960
XOM,Energy,2024-11-04,107.02,107.59,106.92,107.41,107.41,4763161
XOM,Energy,2024-11-05,107.41,107.93,105.93,105.93,105.93,3211103
XOM,Energy,2024-11-06,105.93,106.34,105.21,105.49,105.49,4724548
XOM,Energy,2024-11-07,105.49,105.92,104.65,104.81,104.81,3466062
XOM,Energy,2024-11-08,104.81,105.06,103.11,103.22,103.22,3011758
XOM,Energy,2024-11-11,103.22,103.77,102.29,102.34,102.34,5027906
XOM,Energy,2024-11-12,102.34,102.8,101.07,101.62,101.62,5551294
XOM,Energy,2024-11-13,101.62,104.64,101.16,104.52,104.52,4437375
XOM,Energy,2024-11-14,104.52,106.07,103.98,105.7,105.7,3828089
XOM,Energy,2024-11-15,105.7,108.63,105.29,107.69,107.69,4565622
XOM,Energy,2024-11-18,107.69,107.81,107.04,107.04,107.04,5475988
XOM,Energy,2024-11-19,107.04,109.46,106.09,108.85,108.85,5439204
XOM,Energy,2024-11-20,108.85,109.19,106.38,106.54,106.54,4521403
XOM,Energy,2024-11-21,106.54,107.53,106.15,107.0,107.0,4803769
XOM,Energy,2024-11-22,107.0,109.03,106.97,108.94,108.94,4603708
XOM,Energy,2024-11-25,108.94,109.39,108.03,108.37,108.37,3529382
XOM,Energy,2024-11-26,108.37,108.74,107.39,107.79,107.79,5343093
XOM,Energy,2024-11-27,107.79,108.42,107.04,107.28,107.28,5570460
XOM,Energy,2024-11-28,107.28,107.69,102.95,103.52,103.52,4138989
XOM,Energy,2024-11-29,103.52,105.15,103.14,104.23,104.23,2847845
XOM,Energy,2024-12-02,104.23,104.62,104.13,104.5,104.5,4083243
XOM,Energy,2024-12-03,104.5,105.87,104.22,104.87,104.87,3730452
XOM,Energy,2024-12-04,104.87,105.87,103.03,103.32,103.32,7735492
XOM,Energy,2024-12-05,103.32,105.12,103.25,104.76,104.76,2367934
XOM,Energy,2024-12-06,104.76,105.11,102.6,103.04,103.04,4585329
XOM,Energy,2024-12-09,103.04,103.09,101.75,101.77,101.77,4341790
XOM,Energy,2024-12-10,101.77,101.78,99.98,100.83,100.83,6450613
XOM,Energy,2024-12-11,100.83,101.28,100.19,101.12,101.12,3747613
XOM,Energy,2024-12-12,101.12,101.79,96.49,96.89,96.89,3471688
XOM,Energy,2024-12-13,96.89,99.04,96.69,99.03,99.03,3773547
XOM,Energy,2024-12-16,99.03,99.8,98.16,99.44,99.44,3175941
XOM,Energy,2024-12-17,99.44,102.36,99.11,102.21,102.21,4159345
XOM,Energy,2024-12-18,102.21,105.06,101.36,104.85,104.85,3973558
XOM,Energy,2024-12-19,104.85,106.95,104.75,106.87,106.87,4343064
XOM,Energy,2024-12-20,106.87,107.18,105.99,106.3,106.3,4023349
XOM,Energy,2024-12-23,106.3,106.48,105.53,106.07,106.07,3473279
XOM,Energy,2024-12-24,106.07,106.6,102.65,102.66,102.66,5929093
XOM,Energy,2024-12-25,102.66,102.78,102.46,102.64,102.64,2049062
XOM,Energy,2024-12-26,102.64,103.01,101.23,101.32,101.32,4120949
XOM,Energy,2024-12-27,101.32,101.83,100.61,101.41,101.41,6465386
XOM,Energy,2024-12-30,101.41,101.5,98.06,98.44,98.44,6789607
XOM,Energy,2024-12-31,98.44,98.64,97.96,98.43,98.43,4219045
JPM,Financials,2024-01-01,150.0,151.73,149.16,151.56,151.56,6044922
JPM,Financials,2024-01-02,151.56,151.77,151.16,151.35,151.35,4155798
JPM,Financials,2024-01-03,151.35,153.73,150.88,153.36,153.36,4081686
JPM,Financials,2024-01-04,153.36,156.26,153.34,155.95,155.95,4966712
JPM,Financials,2024-01-05,155.95,156.84,155.65,156.2,156.2,7047257
JPM,Financials,2024-01-08,156.2,157.07,155.39,156.16,156.16,1721772
JPM,Financials,2024-01-09,156.16,159.07,155.3,158.09,158.09,3476613
JPM,Financials,2024-01-10,158.09,158.14,157.09,157.5,157.5,4732448
JPM,Financials,2024-01-11,157.5,170.03,157.2,169.46,169.46,4897044
JPM,Financials,2024-01-12,169.46,171.35,168.55,171.2,171.2,4854438
JPM,Financials,2024-01-15,171.2,172.77,170.86,171.78,171.78,6715879
JPM,Financials,2024-01-16,171.78,172.25,171.14,172.09,172.09,5084422
JPM,Financials,2024-01-17,172.09,172.54,171.26,171.55,171.55,3649498
JPM,Financials,2024-01-18,171.55,172.02,168.6,168.6,168.6,5328948
JPM,Financials,2024-01-19,168.6,169.22,168.56,169.04,169.04,4547763
JPM,Financials,2024-01-22,169.04,171.18,168.32,169.76,169.76,5455599
JPM,Financials,2024-01-23,169.76,172.58,169.64,172.0,172.0,1606198
JPM,Financials,2024-01-24,172.0,172.6,168.94,169.24,169.24,1899510
JPM,Financials,2024-01-25,169.24,170.59,168.1,169.94,169.94,2900184
JPM,Financials,2024-01-26,169.94,171.67,169.07,171.34,171.34,5512567
JPM,Financials,2024-01-29,171.34,173.42,171.04,172.3,172.3,2717047
JPM,Financials,2024-01-30,172.3,172.7,170.47,171.93,171.93,4047810
JPM,Financials,2024-01-31,171.93,171.98,163.42,164.06,164.06,5207509
JPM,Financials,2024-02-01,164.06,164.9,161.6,162.19,162.19,5831599
JPM,Financials,2024-02-02,162.19,162.43,155.88,155.96,155.96,5088985
JPM,Financials,2024-02-05,155.96,157.72,154.34,157.68,157.68,6474655
JPM,Financials,2024-02-06,157.68,160.01,157.28,159.64,159.64,4703294
JPM,Financials,2024-02-07,159.64,160.7,159.41,160.21,160.21,6418636
JPM,Financials,2024-02-08,160.21,163.87,159.8,162.74,162.74,2830315
JPM,Financials,2024-02-09,162.74,168.62,162.5,168.39,168.39,3779998
JPM,Financials,2024-02-12,168.39,172.38,168.25,171.83,171.83,5575498
JPM,Financials,2024-02-13,171.83,172.35,171.3,171.69,171.69,2192649
JPM,Financials,2024-02-14,171.69,172.18,168.37,168.75,168.75,4321524
JPM,Financials,2024-02-15,168.75,168.76,163.26,164.15,164.15,3629836
JPM,Financials,2024-02-16,164.15,165.06,158.47,158.87,158.87,7069277
JPM,Financials,2024-02-19,158.87,161.11,158.59,160.04,160.04,5464539
JPM,Financials,2024-02-20,160.04,160.67,158.35,158.46,158.46,4793643
JPM,Financials,2024-02-21,158.46,159.02,156.65,156.82,156.82,5466673
JPM,Financials,2024-02-22,156.82,159.7,156.6,158.18,158.18,4628568
JPM,Financials,2024-02-23,158.18,158.52,157.17,158.28,158.28,3059003
JPM,Financials,2024-02-26,158.28,158.69,155.49,155.71,155.71,5572912
JPM,Financials,2024-02-27,155.71,156.33,152.77,153.31,153.31,5627720
JPM,Financials,2024-02-28,153.31,154.2,149.27,149.56,149.56,2316056
JPM,Financials,2024-02-29,149.56,150.76,149.09,150.5,150.5,3114402
JPM,Financials,2024-03-01,150.5,151.79,150.24,150.5,150.5,3606224
JPM,Financials,2024-03-04,150.5,150.99,147.57,148.13,148.13,4264098
JPM,Financials,2024-03-05,148.13,149.21,147.3,148.92,148.92,4439979
JPM,Financials,2024-03-06,148.92,149.27,148.82,149.06,149.06,3989614
JPM,Financials,2024-03-07,149.06,149.17,148.3,149.05,149.05,5180457
JPM,Financials,2024-03-08,149.05,149.16,146.1,146.43,146.43,5436629
JPM,Financials,2024-03-11,146.43,147.93,145.51,147.54,147.54,3493826
JPM,Financials,2024-03-12,147.54,148.31,147.29,147.71,147.71,3492049
JPM,Financials,2024-03-13,147.71,148.21,146.65,147.6,147.6,5871925
JPM,Financials,2024-03-14,147.6,153.91,146.74,152.91,152.91,4824234
JPM,Financials,2024-03-15,152.91,154.34,152.84,153.21,153.21,3341114
JPM,Financials,2024-03-18,153.21,153.45,151.74,152.22,152.22,1960697
JPM,Financials,2024-03-19,152.22,152.88,150.81,151.75,151.75,4810731
JPM,Financials,2024-03-20,151.75,155.42,151.63,155.12,155.12,5310906
JPM,Financials,2024-03-21,155.12,155.7,150.68,150.88,150.88,3200279
JPM,Financials,2024-03-22,150.88,151.39,148.6,148.82,148.82,3606476
JPM,Financials,2024-03-25,148.82,149.82,148.48,149.3,149.3,1376280
JPM,Financials,2024-03-26,149.3,151.05,149.15,150.74,150.74,5513216
JPM,Financials,2024-03-27,150.74,151.43,150.33,151.18,151.18,4015917
JPM,Financials,2024-03-28,151.18,153.04,150.85,153.0,153.0,4663388
JPM,Financials,2024-03-29,153.0,153.47,150.4,151.04,151.04,4059983
JPM,Financials,2024-04-01,151.04,151.67,150.19,150.3,150.3,4693962
JPM,Financials,2024-04-02,150.3,150.44,147.88,148.28,148.28,2028231
JPM,Financials,2024-04-03,148.28,152.52,147.05,152.12,152.12,4212607
JPM,Financials,2024-04-04,152.12,152.65,150.33,150.97,150.97,3644857
JPM,Financials,2024-04-05,150.97,151.68,145.74,146.26,146.26,4276595
JPM,Financials,2024-04-08,146.26,150.41,145.42,150.37,150.37,5697537
JPM,Financials,2024-04-09,150.37,151.71,149.95,151.51,151.51,3249051
JPM,Financials,2024-04-10,151.51,152.2,148.91,149.19,149.19,3172257
JPM,Financials,2024-04-11,149.19,153.42,148.47,153.12,153.12,2843629
JPM,Financials,2024-04-12,153.12,153.17,149.22,149.91,149.91,4139874
JPM,Financials,2024-04-15,149.91,155.2,149.16,155.06,155.06,3896420
JPM,Financials,2024-04-16,155.06,156.07,154.74,154.86,154.86,3714615
JPM,Financials,2024-04-17,154.86,156.57,150.41,150.62,150.62,5176005
JPM,Financials,2024-04-18,150.62,153.0,150.11,152.53,152.53,3232857
JPM,Financials,2024-04-19,152.53,154.67,151.78,154.52,154.52,5827872
JPM,Financials,2024-04-22,154.52,157.24,154.41,156.51,156.51,4235868
JPM,Financials,2024-04-23,156.51,162.03,155.9,161.62,161.62,2841757
JPM,Financials,2024-04-24,161.62,163.26,161.22,162.68,162.68,3910703
JPM,Financials,2024-04-25,162.68,163.43,157.13,157.63,157.63,2013536
JPM,Financials,2024-04-26,157.63,157.64,156.88,157.29,157.29,3572696
JPM,Financials,2024-04-29,157.29,158.97,156.87,158.49,158.49,4905448
JPM,Financials,2024-04-30,158.49,161.14,157.44,161.09,161.09,3173688
JPM,Financials,2024-05-01,161.09,163.1,160.95,161.59,161.59,5237147
JPM,Financials,2024-05-02,161.59,163.42,160.98,163.23,163.23,3751189
JPM,Financials,2024-05-03,163.23,164.15,162.93,163.66,163.66,4937878
JPM,Financials,2024-05-06,163.66,164.38,162.42,162.67,162.67,3007762
JPM,Financials,2024-05-07,162.67,167.48,162.46,167.43,167.43,1580338
JPM,Financials,2024-05-08,167.43,168.22,165.77,166.14,166.14,5343336
JPM,Financials,2024-05-09,166.14,166.47,163.24,163.93,163.93,1283525
JPM,Financials,2024-05-10,163.93,166.67,163.22,166.29,166.29,5939758
JPM,Financials,2024-05-13,166.29,170.89,165.63,170.21,170.21,3450135
JPM,Financials,2024-05-14,170.21,171.55,169.15,171.09,171.09,4948151
JPM,Financials,2024-05-15,171.09,171.32,169.96,170.51,170.51,3487092
JPM,Financials,2024-05-16,170.51,171.61,167.94,168.42,168.42,5732215
JPM,Financials,2024-05-17,168.42,168.95,166.11,166.85,166.85,3832666
JPM,Financials,2024-05-20,166.85,169.57,166.7,168.52,168.52,3381932
JPM,Financials,2024-05-21,168.52,170.74,167.68,170.31,170.31,3760013
JPM,Financials,2024-05-22,170.31,171.6,168.87,169.54,169.54,3887804
JPM,Financials,2024-05-23,169.54,176.73,169.32,175.51,175.51,3967402
JPM,Financials,2024-05-24,175.51,176.71,172.78,174.16,174.16,3265696
JPM,Financials,2024-05-27,174.16,174.59,170.13,170.35,170.35,4017337
JPM,Financials,2024-05-28,170.35,172.58,170.23,172.18,172.18,4030348
JPM,Financials,2024-05-29,172.18,173.22,170.19,170.64,170.64,7003555
JPM,Financials,2024-05-30,170.64,170.83,170.25,170.69,170.69,3927407
JPM,Financials,2024-05-31,170.69,171.49,166.88,167.74,167.74,5058760
JPM,Financials,2024-06-03,167.74,168.4,165.99,166.22,166.22,6480858
JPM,Financials,2024-06-04,166.22,166.34,165.35,165.64,165.64,3382827
JPM,Financials,2024-06-05,165.64,166.44,150.08,150.71,150.71,11595443
JPM,Financials,2024-06-06,150.71,150.73,148.66,148.9,148.9,3815313
JPM,Financials,2024-06-07,148.9,149.96,148.16,148.19,148.19,2499911
JPM,Financials,2024-06-10,148.19,149.94,147.71,149.7,149.7,4440176
JPM,Financials,2024-06-11,149.7,150.22,147.43,147.99,147.99,4991477
JPM,Financials,2024-06-12,147.99,148.86,147.15,147.35,147.35,4277928
JPM,Financials,2024-06-13,147.35,149.59,146.21,149.26,149.26,3523370
JPM,Financials,2024-06-14,149.26,153.48,148.4,153.14,153.14,5126368
JPM,Financials,2024-06-17,153.14,153.19,151.74,152.77,152.77,3645397
JPM,Financials,2024-06-18,152.77,153.76,151.73,152.57,152.57,3194185
JPM,Financials,2024-06-19,152.57,153.13,152.07,152.5,152.5,4790576
JPM,Financials,2024-06-20,152.5,152.5,148.27,148.69,148.69,4859907
JPM,Financials,2024-06-21,148.69,149.48,143.95,144.63,144.63,6484031
JPM,Financials,2024-06-24,144.63,149.75,144.53,147.66,147.66,5614177
JPM,Financials,2024-06-25,147.66,148.86,147.57,148.57,148.57,4610389
JPM,Financials,2024-06-26,148.57,149.43,148.23,148.76,148.76,2207154
JPM,Financials,2024-06-27,148.76,152.11,148.44,151.81,151.81,3091083
JPM,Financials,2024-06-28,151.81,151.83,147.98,149.0,149.0,4628752
JPM,Financials,2024-07-01,149.0,149.44,148.01,148.11,148.11,3969583
JPM,Financials,2024-07-02,148.11,148.15,146.56,146.76,146.76,1497049
JPM,Financials,2024-07-03,146.76,149.29,146.01,149.11,149.11,3682814
JPM,Financials,2024-07-04,149.11,149.27,144.37,144.87,144.87,4477657
JPM,Financials,2024-07-05,144.87,146.09,144.74,145.84,145.84,4461134
JPM,Financials,2024-07-08,145.84,146.21,144.98,145.23,145.23,6066586
JPM,Financials,2024-07-09,145.23,145.58,143.33,143.51,143.51,1113916
JPM,Financials,2024-07-10,143.51,144.14,140.34,140.43,140.43,4051649
JPM,Financials,2024-07-11,140.43,142.89,140.31,142.78,142.78,3599265
JPM,Financials,2024-07-12,142.78,146.93,142.59,145.79,145.79,2808906
JPM,Financials,2024-07-15,145.79,146.75,145.72,145.9,145.9,3933119
JPM,Financials,2024-07-16,145.9,147.54,145.89,147.1,147.1,2828319
JPM,Financials,2024-07-17,147.1,147.83,146.52,147.05,147.05,4407013
JPM,Financials,2024-07-18,147.05,147.35,142.92,143.21,143.21,5023841
JPM,Financials,2024-07-19,143.21,143.63,142.88,143.34,143.34,3776937
JPM,Financials,2024-07-22,143.34,144.47,141.61,141.72,141.72,2051940
JPM,Financials,2024-07-23,141.72,146.16,141.4,146.06,146.06,3260039
JPM,Financials,2024-07-24,146.06,146.41,144.02,144.28,144.28,3572831
JPM,Financials,2024-07-25,144.28,144.81,143.79,144.41,144.41,2470577
JPM,Financials,2024-07-26,144.41,146.07,144.35,146.04,146.04,6330694
JPM,Financials,2024-07-29,146.04,146.09,140.96,142.01,142.01,3685958
JPM,Financials,2024-07-30,142.01,142.26,139.92,141.68,141.68,3690189
JPM,Financials,2024-07-31,141.68,143.26,141.46,142.89,142.89,4834452
JPM,Financials,2024-08-01,142.89,148.6,141.57,147.32,147.32,3566788
JPM,Financials,2024-08-02,147.32,153.89,147.15,153.75,153.75,4807023
JPM,Financials,2024-08-05,153.75,153.91,150.41,151.89,151.89,4820995
JPM,Financials,2024-08-06,151.89,152.0,148.87,149.97,149.97,4718077
JPM,Financials,2024-08-07,149.97,150.14,148.12,148.47,148.47,1990636
JPM,Financials,2024-08-08,148.47,148.5,147.23,148.28,148.28,4349208
JPM,Financials,2024-08-09,148.28,149.48,148.17,149.08,149.08,3495966
JPM,Financials,2024-08-12,149.08,149.94,144.21,144.6,144.6,2673249
JPM,Financials,2024-08-13,144.6,145.67,140.88,141.28,141.28,3345776
JPM,Financials,2024-08-14,141.28,148.55,140.78,147.96,147.96,4753133
JPM,Financials,2024-08-15,147.96,148.89,144.57,145.87,145.87,3378317
JPM,Financials,2024-08-16,145.87,146.24,144.51,145.23,145.23,5152693
JPM,Financials,2024-08-19,145.23,145.33,141.71,142.09,142.09,3162737
JPM,Financials,2024-08-20,142.09,142.31,139.89,140.66,140.66,5473359
JPM,Financials,2024-08-21,140.66,142.82,140.2,141.81,141.81,4385549
JPM,Financials,2024-08-22,141.81,142.6,135.88,136.42,136.42,4329895
JPM,Financials,2024-08-23,136.42,136.68,132.23,133.44,133.44,3579066
JPM,Financials,2024-08-26,133.44,133.82,132.42,133.0,133.0,3543024
JPM,Financials,2024-08-27,133.0,136.44,132.98,135.59,135.59,5310166
JPM,Financials,2024-08-28,135.59,136.96,134.41,135.49,135.49,3190145
JPM,Financials,2024-08-29,135.49,136.09,134.24,135.15,135.15,2918349
JPM,Financials,2024-08-30,135.15,136.34,135.08,136.29,136.29,4112479
JPM,Financials,2024-09-02,136.29,136.86,132.4,132.75,132.75,2681146
JPM,Financials,2024-09-03,132.75,135.55,132.66,135.46,135.46,2724990
JPM,Financials,2024-09-04,135.46,135.79,134.9,135.26,135.26,4199986
JPM,Financials,2024-09-05,135.26,138.09,134.86,137.87,137.87,3186217
JPM,Financials,2024-09-06,137.87,138.17,136.66,137.58,137.58,4530096
JPM,Financials,2024-09-09,137.58,141.22,136.43,140.33,140.33,4849257
JPM,Financials,2024-09-10,140.33,140.45,139.6,139.61,139.61,2146679
JPM,Financials,2024-09-11,139.61,141.23,138.99,140.76,140.76,1939387
JPM,Financials,2024-09-12,140.76,141.0,137.96,138.03,138.03,4030462
JPM,Financials,2024-09-13,138.03,138.48,136.37,136.51,136.51,4141098
JPM,Financials,2024-09-16,136.51,140.9,136.06,140.35,140.35,6526356
JPM,Financials,2024-09-17,140.35,141.26,140.01,140.48,140.48,4954224
JPM,Financials,2024-09-18,140.48,140.67,138.27,138.81,138.81,4000906
JPM,Financials,2024-09-19,138.81,141.6,138.65,140.39,140.39,2558094
JPM,Financials,2024-09-20,140.39,141.59,139.83,141.46,141.46,5947908
JPM,Financials,2024-09-23,141.46,146.26,141.37,146.03,146.03,6095384
JPM,Financials,2024-09-24,146.03,147.69,145.44,147.25,147.25,4622551
JPM,Financials,2024-09-25,147.25,149.45,146.65,149.34,149.34,4671204
JPM,Financials,2024-09-26,149.34,150.03,145.27,145.82,145.82,3342405
JPM,Financials,2024-09-27,145.82,146.31,144.27,145.38,145.38,3341921
JPM,Financials,2024-09-30,145.38,148.11,145.1,148.0,148.0,2966428
JPM,Financials,2024-10-01,148.0,153.33,147.46,153.21,153.21,3838742
JPM,Financials,2024-10-02,153.21,154.23,152.9,153.09,153.09,4139894
JPM,Financials,2024-10-03,153.09,156.72,153.06,155.78,155.78,3502357
JPM,Financials,2024-10-04,155.78,156.96,153.78,154.09,154.09,2931101
JPM,Financials,2024-10-07,154.09,154.13,150.2,150.63,150.63,4184013
JPM,Financials,2024-10-08,150.63,152.55,150.06,152.11,152.11,5462176
JPM,Financials,2024-10-09,152.11,157.76,151.32,157.53,157.53,4679710
JPM,Financials,2024-10-10,157.53,157.53,151.11,151.95,151.95,5224043
JPM,Financials,2024-10-11,151.95,152.47,150.52,151.12,151.12,4191529
JPM,Financials,2024-10-14,151.12,157.19,151.09,155.45,155.45,4866936
JPM,Financials,2024-10-15,155.45,156.94,154.14,154.61,154.61,4991144
JPM,Financials,2024-10-16,154.61,155.28,151.54,151.89,151.89,2189732
JPM,Financials,2024-10-17,151.89,152.67,151.23,152.4,152.4,5562808
JPM,Financials,2024-10-18,152.4,155.05,151.45,154.26,154.26,4384259
JPM,Financials,2024-10-21,154.26,157.42,153.46,157.34,157.34,3211345
JPM,Financials,2024-10-22,157.34,157.39,155.31,155.47,155.47,3951599
JPM,Financials,2024-10-23,155.47,168.75,154.42,168.69,168.69,9463856
JPM,Financials,2024-10-24,168.69,169.01,166.35,167.4,167.4,2635719
JPM,Financials,2024-10-25,167.4,168.63,167.02,167.94,167.94,5936297
JPM,Financials,2024-10-28,167.94,169.93,167.31,169.3,169.3,1492515
JPM,Financials,2024-10-29,169.3,173.09,167.47,172.93,172.93,4969445
JPM,Financials,2024-10-30,172.93,173.74,172.73,173.68,173.68,4043337
JPM,Financials,2024-10-31,173.68,174.7,172.66,174.15,174.15,4170831
JPM,Financials,2024-11-01,174.15,176.14,173.35,175.43,175.43,3884621
JPM,Financials,2024-11-04,175.43,176.94,174.94,176.78,176.78,5611204
JPM,Financials,2024-11-05,176.78,177.9,174.74,175.73,175.73,5060721
JPM,Financials,2024-11-06,175.73,176.36,171.19,171.92,171.92,3633452
JPM,Financials,2024-11-07,171.92,177.57,171.47,177.57,177.57,4188111
JPM,Financials,2024-11-08,177.57,177.83,175.71,176.4,176.4,4682176
JPM,Financials,2024-11-11,176.4,179.29,175.54,178.83,178.83,5370973
JPM,Financials,2024-11-12,178.83,180.21,178.49,179.02,179.02,2231033
JPM,Financials,2024-11-13,179.02,180.73,177.18,177.98,177.98,1847509
JPM,Financials,2024-11-14,177.98,183.2,177.65,182.32,182.32,4160606
JPM,Financials,2024-11-15,182.32,187.85,182.13,187.59,187.59,2438988
JPM,Financials,2024-11-18,187.59,188.85,181.71,183.23,183.23,4434893
JPM,Financials,2024-11-19,183.23,184.14,182.42,183.0,183.0,2918993
JPM,Financials,2024-11-20,183.0,184.81,182.64,184.22,184.22,3566669
JPM,Financials,2024-11-21,184.22,185.86,184.18,185.24,185.24,5507726
JPM,Financials,2024-11-22,185.24,186.72,184.65,185.93,185.93,4404363
JPM,Financials,2024-11-25,185.93,186.45,179.81,181.17,181.17,5727602
JPM,Financials,2024-11-26,181.17,181.5,176.93,177.91,177.91,4593446
JPM,Financials,2024-11-27,177.91,178.74,174.66,175.69,175.69,3589149
JPM,Financials,2024-11-28,175.69,176.96,171.92,171.94,171.94,2907702
JPM,Financials,2024-11-29,171.94,173.9,170.91,171.29,171.29,3824634
JPM,Financials,2024-12-02,171.29,179.2,171.05,178.71,178.71,3776690
JPM,Financials,2024-12-03,178.71,180.05,178.32,178.35,178.35,4276698
JPM,Financials,2024-12-04,178.35,179.49,172.99,173.47,173.47,4913703
JPM,Financials,2024-12-05,173.47,173.49,171.24,171.86,171.86,3282082
JPM,Financials,2024-12-06,171.86,175.85,171.19,175.23,175.23,5910071
JPM,Financials,2024-12-09,175.23,176.3,173.9,174.46,174.46,4350817
JPM,Financials,2024-12-10,174.46,175.79,173.66,175.75,175.75,2640938
JPM,Financials,2024-12-11,175.75,175.94,172.91,173.54,173.54,5411476
JPM,Financials,2024-12-12,173.54,173.63,170.82,170.88,170.88,3279344
JPM,Financials,2024-12-13,170.88,171.28,166.93,167.76,167.76,5560774
JPM,Financials,2024-12-16,167.76,171.01,167.44,170.54,170.54,5751600
JPM,Financials,2024-12-17,170.54,172.47,170.4,172.37,172.37,3583898
JPM,Financials,2024-12-18,172.37,172.83,171.46,171.77,171.77,5468359
JPM,Financials,2024-12-19,171.77,172.86,169.55,170.94,170.94,3763984
JPM,Financials,2024-12-20,170.94,171.51,169.36,169.64,169.64,3039446
JPM,Financials,2024-12-23,169.64,170.78,169.57,170.26,170.26,4486215
JPM,Financials,2024-12-24,170.26,170.95,167.32,167.93,167.93,5288268
JPM,Financials,2024-12-25,167.93,168.51,167.16,167.43,167.43,4192617
JPM,Financials,2024-12-26,167.43,170.27,165.78,169.96,169.96,4665700
JPM,Financials,2024-12-27,169.96,173.02,169.36,172.6,172.6,4800313
JPM,Financials,2024-12-30,172.6,173.42,169.38,170.5,170.5,3634073
JPM,Financials,2024-12-31,170.5,172.61,169.43,172.24,172.24,5702714
JNJ,Healthcare,2024-01-01,160.0,160.77,159.53,160.59,160.59,5053252
JNJ,Healthcare,2024-01-02,160.59,161.73,160.15,160.86,160.86,3920013
JNJ,Healthcare,2024-01-03,160.86,162.53,159.68,162.13,162.13,3704245
JNJ,Healthcare,2024-01-04,162.13,162.23,160.42,160.59,160.59,4811972
JNJ,Healthcare,2024-01-05,160.59,161.38,158.71,159.59,159.59,5373615
JNJ,Healthcare,2024-01-08,159.59,160.41,156.02,156.44,156.44,3338821
JNJ,Healthcare,2024-01-09,156.44,156.91,155.22,155.43,155.43,4207339
JNJ,Healthcare,2024-01-10,155.43,156.02,153.42,153.57,153.57,6077611
JNJ,Healthcare,2024-01-11,153.57,155.88,153.49,155.5,155.5,5146451
JNJ,Healthcare,2024-01-12,155.5,156.05,151.24,151.69,151.69,3073837
JNJ,Healthcare,2024-01-15,151.69,152.07,149.51,149.75,149.75,3025084
JNJ,Healthcare,2024-01-16,149.75,150.23,149.34,149.52,149.52,3432471
JNJ,Healthcare,2024-01-17,149.52,150.87,149.47,150.45,150.45,4610966
JNJ,Healthcare,2024-01-18,150.45,151.95,150.27,151.23,151.23,3538657
JNJ,Healthcare,2024-01-19,151.23,151.47,150.71,151.24,151.24,5332607
JNJ,Healthcare,2024-01-22,151.24,152.52,150.79,151.79,151.79,3628825
JNJ,Healthcare,2024-01-23,151.79,153.21,150.16,152.9,152.9,4968603
JNJ,Healthcare,2024-01-24,152.9,154.52,151.06,151.3,151.3,3065003
JNJ,Healthcare,2024-01-25,151.3,154.23,151.17,153.66,153.66,5198404
JNJ,Healthcare,2024-01-26,153.66,153.72,152.6,152.99,152.99,4414178
JNJ,Healthcare,2024-01-29,152.99,155.01,152.52,154.57,154.57,2621588
JNJ,Healthcare,2024-01-30,154.57,154.78,154.57,154.74,154.74,6256587
JNJ,Healthcare,2024-01-31,154.74,157.04,153.62,155.91,155.91,3916382
JNJ,Healthcare,2024-02-01,155.91,159.1,155.45,158.33,158.33,2560301
JNJ,Healthcare,2024-02-02,158.33,158.51,157.55,157.8,157.8,4865471
JNJ,Healthcare,2024-02-05,157.8,157.87,155.3,155.56,155.56,3079215
JNJ,Healthcare,2024-02-06,155.56,155.83,154.81,155.11,155.11,5791296
JNJ,Healthcare,2024-02-07,155.11,157.25,154.97,156.13,156.13,2899160
JNJ,Healthcare,2024-02-08,156.13,157.06,154.94,155.6,155.6,3889826
JNJ,Healthcare,2024-02-09,155.6,156.46,154.22,154.41,154.41,4196184
JNJ,Healthcare,2024-02-12,154.41,154.66,153.11,153.73,153.73,3426981
JNJ,Healthcare,2024-02-13,153.73,154.37,153.55,154.33,154.33,1654382
JNJ,Healthcare,2024-02-14,154.33,154.53,153.02,153.24,153.24,3736302
JNJ,Healthcare,2024-02-15,153.24,155.72,152.59,155.18,155.18,5676668
JNJ,Healthcare,2024-02-16,155.18,155.25,154.41,154.78,154.78,4693930
JNJ,Healthcare,2024-02-19,154.78,155.19,153.28,153.42,153.42,3763221
JNJ,Healthcare,2024-02-20,153.42,153.81,151.23,151.79,151.79,3933255
JNJ,Healthcare,2024-02-21,151.79,151.85,151.49,151.77,151.77,6930799
JNJ,Healthcare,2024-02-22,151.77,152.6,151.58,151.77,151.77,4975132
JNJ,Healthcare,2024-02-23,151.77,152.9,151.26,152.27,152.27,4725971
JNJ,Healthcare,2024-02-26,152.27,152.44,151.36,151.78,151.78,4361243
JNJ,Healthcare,2024-02-27,151.78,152.83,148.65,148.68,148.68,2914222
JNJ,Healthcare,2024-02-28,148.68,149.43,148.1,149.22,149.22,4794597
JNJ,Healthcare,2024-02-29,149.22,149.46,148.92,149.22,149.22,3587531
JNJ,Healthcare,2024-03-01,149.22,151.71,148.78,151.43,151.43,4785756
JNJ,Healthcare,2024-03-04,151.43,151.54,151.32,151.53,151.53,4782791
JNJ,Healthcare,2024-03-05,151.53,152.17,150.19,150.76,150.76,4818565
JNJ,Healthcare,2024-03-06,150.76,153.23,150.59,152.61,152.61,2493040
JNJ,Healthcare,2024-03-07,152.61,153.55,152.11,152.92,152.92,3359985
JNJ,Healthcare,2024-03-08,152.92,155.57,152.54,154.57,154.57,4461034
JNJ,Healthcare,2024-03-11,154.57,155.12,154.36,154.38,154.38,5522053
JNJ,Healthcare,2024-03-12,154.38,155.71,154.34,155.39,155.39,5172753
JNJ,Healthcare,2024-03-13,155.39,156.03,143.63,143.8,143.8,20955666
JNJ,Healthcare,2024-03-14,143.8,143.96,141.41,142.57,142.57,2509300
JNJ,Healthcare,2024-03-15,142.57,144.22,142.28,143.33,143.33,3270611
JNJ,Healthcare,2024-03-18,143.33,144.33,140.55,140.83,140.83,2805898
JNJ,Healthcare,2024-03-19,140.83,141.19,139.77,140.23,140.23,4225360
JNJ,Healthcare,2024-03-20,140.23,140.34,138.64,139.15,139.15,4824480
JNJ,Healthcare,2024-03-21,139.15,141.11,138.72,140.18,140.18,3997943
JNJ,Healthcare,2024-03-22,140.18,143.08,140.15,141.74,141.74,2053041
JNJ,Healthcare,2024-03-25,141.74,142.95,140.1,140.47,140.47,1540582
JNJ,Healthcare,2024-03-26,140.47,141.85,140.34,141.03,141.03,2637874
JNJ,Healthcare,2024-03-27,141.03,141.45,127.95,128.42,128.42,5440755
JNJ,Healthcare,2024-03-28,128.42,129.32,128.13,128.42,128.42,2739014
JNJ,Healthcare,2024-03-29,128.42,130.23,127.56,129.6,129.6,4358263
JNJ,Healthcare,2024-04-01,129.6,129.89,127.08,127.62,127.62,3050486
JNJ,Healthcare,2024-04-02,127.62,128.5,127.43,128.34,128.34,4249172
JNJ,Healthcare,2024-04-03,128.34,128.85,128.13,128.65,128.65,4567816
JNJ,Healthcare,2024-04-04,128.65,130.35,127.53,129.77,129.77,4616618
JNJ,Healthcare,2024-04-05,129.77,131.8,129.64,130.98,130.98,4576894
JNJ,Healthcare,2024-04-08,130.98,132.4,130.8,131.34,131.34,2692582
JNJ,Healthcare,2024-04-09,131.34,131.35,130.02,130.06,130.06,3968316
JNJ,Healthcare,2024-04-10,130.06,130.86,130.01,130.58,130.58,4080644
JNJ,Healthcare,2024-04-11,130.58,131.23,129.26,129.34,129.34,5285018
JNJ,Healthcare,2024-04-12,129.34,130.35,128.82,130.26,130.26,4810742
JNJ,Healthcare,2024-04-15,130.26,130.7,129.3,129.89,129.89,3817431
JNJ,Healthcare,2024-04-16,129.89,131.23,128.73,129.26,129.26,3476180
JNJ,Healthcare,2024-04-17,129.26,131.2,129.25,131.17,131.17,2819178
JNJ,Healthcare,2024-04-18,131.17,132.57,130.99,131.57,131.57,4108146
JNJ,Healthcare,2024-04-19,131.57,132.0,130.71,131.31,131.31,4301910
JNJ,Healthcare,2024-04-22,131.31,131.75,130.16,130.6,130.6,5482792
JNJ,Healthcare,2024-04-23,130.6,130.71,129.45,130.33,130.33,5178069
JNJ,Healthcare,2024-04-24,130.33,131.3,130.27,131.02,131.02,4448538
JNJ,Healthcare,2024-04-25,131.02,131.16,130.5,131.07,131.07,2955245
JNJ,Healthcare,2024-04-26,131.07,132.02,129.4,129.94,129.94,4778560
JNJ,Healthcare,2024-04-29,129.94,130.06,128.85,129.38,129.38,3245372
JNJ,Healthcare,2024-04-30,129.38,129.69,128.98,129.31,129.31,2948044
JNJ,Healthcare,2024-05-01,129.31,131.54,129.03,130.87,130.87,3471668
JNJ,Healthcare,2024-05-02,130.87,131.03,129.84,130.02,130.02,4362585
JNJ,Healthcare,2024-05-03,130.02,131.24,129.6,130.92,130.92,3472638
JNJ,Healthcare,2024-05-06,130.92,132.57,130.82,131.78,131.78,3284838
JNJ,Healthcare,2024-05-07,131.78,134.0,131.77,133.99,133.99,5259057
JNJ,Healthcare,2024-05-08,133.99,134.1,132.89,133.1,133.1,2762329
JNJ,Healthcare,2024-05-09,133.1,134.07,131.93,132.05,132.05,4992658
JNJ,Healthcare,2024-05-10,132.05,135.1,131.91,135.01,135.01,5370387
JNJ,Healthcare,2024-05-13,135.01,135.89,134.76,135.63,135.63,2081804
JNJ,Healthcare,2024-05-14,135.63,135.74,133.28,133.49,133.49,4042587
JNJ,Healthcare,2024-05-15,133.49,134.56,132.95,133.84,133.84,4015285
JNJ,Healthcare,2024-05-16,133.84,134.65,131.03,132.14,132.14,6203564
JNJ,Healthcare,2024-05-17,132.14,132.16,128.72,129.59,129.59,5940844
JNJ,Healthcare,2024-05-20,129.59,131.55,129.07,131.19,131.19,3998594
JNJ,Healthcare,2024-05-21,131.19,132.62,129.68,129.96,129.96,3854652
JNJ,Healthcare,2024-05-22,129.96,129.96,120.53,121.5,121.5,21169490
JNJ,Healthcare,2024-05-23,121.5,121.85,120.12,120.85,120.85,3985241
JNJ,Healthcare,2024-05-24,120.85,121.06,120.52,120.66,120.66,6191196
JNJ,Healthcare,2024-05-27,120.66,120.88,119.66,120.1,120.1,1875422
JNJ,Healthcare,2024-05-28,120.1,120.23,119.29,119.43,119.43,2438496
JNJ,Healthcare,2024-05-29,119.43,119.83,116.81,117.96,117.96,4524552
JNJ,Healthcare,2024-05-30,117.96,118.32,117.61,118.1,118.1,4152482
JNJ,Healthcare,2024-05-31,118.1,118.55,117.5,117.51,117.51,1929074
JNJ,Healthcare,2024-06-03,117.51,118.36,117.11,117.56,117.56,4745505
JNJ,Healthcare,2024-06-04,117.56,119.33,116.65,118.73,118.73,4308100
JNJ,Healthcare,2024-06-05,118.73,119.23,118.36,118.74,118.74,4853254
JNJ,Healthcare,2024-06-06,118.74,120.09,118.1,119.94,119.94,3453761
JNJ,Healthcare,2024-06-07,119.94,120.37,117.94,118.35,118.35,5014469
JNJ,Healthcare,2024-06-10,118.35,118.77,115.44,115.77,115.77,3773182
JNJ,Healthcare,2024-06-11,115.77,116.38,115.03,116.0,116.0,1710342
JNJ,Healthcare,2024-06-12,116.0,116.37,115.43,116.06,116.06,4539792
JNJ,Healthcare,2024-06-13,116.06,116.31,115.07,115.26,115.26,4649732
JNJ,Healthcare,2024-06-14,115.26,115.55,113.61,114.04,114.04,4066003
JNJ,Healthcare,2024-06-17,114.04,114.76,113.92,114.54,114.54,2824161
JNJ,Healthcare,2024-06-18,114.54,114.87,113.0,113.96,113.96,5607191
JNJ,Healthcare,2024-06-19,113.96,114.49,113.01,113.2,113.2,4967618
JNJ,Healthcare,2024-06-20,113.2,115.0,112.41,114.13,114.13,3962177
JNJ,Healthcare,2024-06-21,114.13,114.73,113.9,114.44,114.44,6056997
JNJ,Healthcare,2024-06-24,114.44,114.57,113.25,113.28,113.28,2710406
JNJ,Healthcare,2024-06-25,113.28,113.67,112.29,112.42,112.42,5380584
JNJ,Healthcare,2024-06-26,112.42,112.56,111.97,112.16,112.16,5157723
JNJ,Healthcare,2024-06-27,112.16,114.08,111.71,113.64,113.64,1759271
JNJ,Healthcare,2024-06-28,113.64,113.75,112.77,112.94,112.94,4843039
JNJ,Healthcare,2024-07-01,112.94,113.47,111.09,111.46,111.46,2498072
JNJ,Healthcare,2024-07-02,111.46,113.55,110.27,113.26,113.26,4116586
JNJ,Healthcare,2024-07-03,113.26,114.65,113.16,114.55,114.55,4148166
JNJ,Healthcare,2024-07-04,114.55,115.44,113.68,113.71,113.71,4991683
JNJ,Healthcare,2024-07-05,113.71,113.73,112.46,112.52,112.52,3167750
JNJ,Healthcare,2024-07-08,112.52,113.73,112.37,112.67,112.67,5202683
JNJ,Healthcare,2024-07-09,112.67,115.34,112.37,114.45,114.45,3718281
JNJ,Healthcare,2024-07-10,114.45,114.83,106.46,106.63,106.63,13136427
JNJ,Healthcare,2024-07-11,106.63,107.27,105.74,107.09,107.09,4806608
JNJ,Healthcare,2024-07-12,107.09,107.67,104.55,105.04,105.04,3547139
JNJ,Healthcare,2024-07-15,105.04,105.38,104.29,104.57,104.57,4005039
JNJ,Healthcare,2024-07-16,104.57,104.93,104.38,104.64,104.64,2852751
JNJ,Healthcare,2024-07-17,104.64,104.68,104.47,104.63,104.63,4916738
JNJ,Healthcare,2024-07-18,104.63,104.76,103.15,103.25,103.25,4277130
JNJ,Healthcare,2024-07-19,103.25,103.48,103.07,103.35,103.35,5189151
JNJ,Healthcare,2024-07-22,103.35,111.09,102.78,111.08,111.08,7875391
JNJ,Healthcare,2024-07-23,111.08,112.98,110.38,112.26,112.26,2881154
JNJ,Healthcare,2024-07-24,112.26,112.62,109.63,109.72,109.72,4522705
JNJ,Healthcare,2024-07-25,109.72,110.33,109.52,110.13,110.13,2173198
JNJ,Healthcare,2024-07-26,110.13,110.37,101.53,102.12,102.12,11726429
JNJ,Healthcare,2024-07-29,102.12,102.35,101.35,101.51,101.51,4157525
JNJ,Healthcare,2024-07-30,101.51,102.45,101.38,102.2,102.2,2450743
JNJ,Healthcare,2024-07-31,102.2,104.41,101.59,104.18,104.18,3195161
JNJ,Healthcare,2024-08-01,104.18,105.12,103.77,104.74,104.74,5765188
JNJ,Healthcare,2024-08-02,104.74,106.02,103.82,105.68,105.68,2944141
JNJ,Healthcare,2024-08-05,105.68,107.64,105.63,107.24,107.24,6364165
JNJ,Healthcare,2024-08-06,107.24,109.81,106.36,109.54,109.54,5158212
JNJ,Healthcare,2024-08-07,109.54,110.08,108.61,108.97,108.97,2693881
JNJ,Healthcare,2024-08-08,108.97,109.7,108.47,109.2,109.2,3605996
JNJ,Healthcare,2024-08-09,109.2,109.77,108.31,109.57,109.57,3360038
JNJ,Healthcare,2024-08-12,109.57,110.81,109.12,110.22,110.22,2620748
JNJ,Healthcare,2024-08-13,110.22,110.31,109.34,109.96,109.96,4041404
JNJ,Healthcare,2024-08-14,109.96,110.1,108.57,108.98,108.98,3018592
JNJ,Healthcare,2024-08-15,108.98,109.01,108.01,108.59,108.59,1750131
JNJ,Healthcare,2024-08-16,108.59,110.26,108.5,109.63,109.63,2698490
JNJ,Healthcare,2024-08-19,109.63,110.35,106.34,107.67,107.67,1832991
JNJ,Healthcare,2024-08-20,107.67,107.88,107.38,107.87,107.87,3597406
JNJ,Healthcare,2024-08-21,107.87,108.46,106.45,106.88,106.88,5257312
JNJ,Healthcare,2024-08-22,106.88,107.62,106.51,107.58,107.58,5070169
JNJ,Healthcare,2024-08-23,107.58,108.24,107.49,108.05,108.05,4734063
JNJ,Healthcare,2024-08-26,108.05,108.34,107.48,107.61,107.61,3100534
JNJ,Healthcare,2024-08-27,107.61,108.52,107.17,108.18,108.18,5026647
JNJ,Healthcare,2024-08-28,108.18,109.25,107.85,108.91,108.91,5686173
JNJ,Healthcare,2024-08-29,108.91,109.49,108.75,109.31,109.31,3880329
JNJ,Healthcare,2024-08-30,109.31,109.95,109.25,109.57,109.57,2772850
JNJ,Healthcare,2024-09-02,109.57,111.35,109.34,111.3,111.3,2683516
JNJ,Healthcare,2024-09-03,111.3,112.55,110.59,111.0,111.0,4752318
JNJ,Healthcare,2024-09-04,111.0,113.06,110.68,112.15,112.15,6466865
JNJ,Healthcare,2024-09-05,112.15,112.81,111.37,111.51,111.51,4680454
JNJ,Healthcare,2024-09-06,111.51,113.79,111.4,113.44,113.44,2035302
JNJ,Healthcare,2024-09-09,113.44,115.25,112.83,114.72,114.72,4469301
JNJ,Healthcare,2024-09-10,114.72,116.46,114.69,116.4,116.4,4855004
JNJ,Healthcare,2024-09-11,116.4,116.44,115.43,115.95,115.95,6223116
JNJ,Healthcare,2024-09-12,115.95,115.95,114.84,115.12,115.12,4652659
JNJ,Healthcare,2024-09-13,115.12,116.65,114.63,116.43,116.43,2437824
JNJ,Healthcare,2024-09-16,116.43,116.92,115.25,115.69,115.69,4166750
JNJ,Healthcare,2024-09-17,115.69,115.93,114.66,115.49,115.49,3966641
JNJ,Healthcare,2024-09-18,115.49,115.71,112.88,113.08,113.08,2023104
JNJ,Healthcare,2024-09-19,113.08,115.41,112.78,114.65,114.65,4168378
JNJ,Healthcare,2024-09-20,114.65,114.85,113.94,114.15,114.15,6382765
JNJ,Healthcare,2024-09-23,114.15,114.73,114.01,114.04,114.04,5467100
JNJ,Healthcare,2024-09-24,114.04,114.89,114.03,114.67,114.67,2549673
JNJ,Healthcare,2024-09-25,114.67,115.93,114.65,115.83,115.83,5284146
JNJ,Healthcare,2024-09-26,115.83,115.98,114.44,114.52,114.52,4789260
JNJ,Healthcare,2024-09-27,114.52,115.65,113.76,114.93,114.93,5059878
JNJ,Healthcare,2024-09-30,114.93,115.07,112.87,113.11,113.11,6642604
JNJ,Healthcare,2024-10-01,113.11,113.47,111.35,111.39,111.39,337633
JNJ,Healthcare,2024-10-02,111.39,111.88,108.01,108.35,108.35,4865902
JNJ,Healthcare,2024-10-03,108.35,109.23,108.25,108.78,108.78,2793209
JNJ,Healthcare,2024-10-04,108.78,108.8,106.98,107.56,107.56,3731368
JNJ,Healthcare,2024-10-07,107.56,108.6,106.88,107.86,107.86,3148030
JNJ,Healthcare,2024-10-08,107.86,108.02,107.26,107.56,107.56,5526290
JNJ,Healthcare,2024-10-09,107.56,108.8,107.13,108.48,108.48,3367689
JNJ,Healthcare,2024-10-10,108.48,109.59,108.44,109.29,109.29,4280752
JNJ,Healthcare,2024-10-11,109.29,110.54,108.71,110.06,110.06,5043349
JNJ,Healthcare,2024-10-14,110.06,111.55,109.52,111.52,111.52,5927888
JNJ,Healthcare,2024-10-15,111.52,114.31,111.51,114.05,114.05,4593732
JNJ,Healthcare,2024-10-16,114.05,115.0,112.26,112.29,112.29,4022291
JNJ,Healthcare,2024-10-17,112.29,112.33,111.04,111.34,111.34,4976289
JNJ,Healthcare,2024-10-18,111.34,111.42,110.77,110.79,110.79,5907852
JNJ,Healthcare,2024-10-21,110.79,111.21,109.95,110.53,110.53,2875596
JNJ,Healthcare,2024-10-22,110.53,111.6,109.87,111.54,111.54,3956163
JNJ,Healthcare,2024-10-23,111.54,111.75,111.38,111.39,111.39,6898899
JNJ,Healthcare,2024-10-24,111.39,111.52,110.87,111.39,111.39,2186886
JNJ,Healthcare,2024-10-25,111.39,111.89,110.77,111.49,111.49,3008007
JNJ,Healthcare,2024-10-28,111.49,112.42,110.91,111.88,111.88,2742851
JNJ,Healthcare,2024-10-29,111.88,112.34,111.55,111.82,111.82,2261121
JNJ,Healthcare,2024-10-30,111.82,112.17,110.85,111.45,111.45,1535938
JNJ,Healthcare,2024-10-31,111.45,112.42,111.4,112.18,112.18,6256641
JNJ,Healthcare,2024-11-01,112.18,112.33,110.75,110.81,110.81,3871061
JNJ,Healthcare,2024-11-04,110.81,113.01,110.55,112.82,112.82,4872600
JNJ,Healthcare,2024-11-05,112.82,113.77,111.67,111.68,111.68,5837779
JNJ,Healthcare,2024-11-06,111.68,114.23,111.33,113.87,113.87,5795339
JNJ,Healthcare,2024-11-07,113.87,114.99,113.81,114.51,114.51,3133337
JNJ,Healthcare,2024-11-08,114.51,114.64,113.53,113.97,113.97,3062241
JNJ,Healthcare,2024-11-11,113.97,114.02,112.22,112.76,112.76,3531153
JNJ,Healthcare,2024-11-12,112.76,113.02,112.11,112.46,112.46,4221487
JNJ,Healthcare,2024-11-13,112.46,112.52,111.92,112.21,112.21,3627881
JNJ,Healthcare,2024-11-14,112.21,113.92,111.97,113.63,113.63,2459363
JNJ,Healthcare,2024-11-15,113.63,115.7,113.47,114.76,114.76,3779786
JNJ,Healthcare,2024-11-18,114.76,116.91,114.53,116.34,116.34,2091206
JNJ,Healthcare,2024-11-19,116.34,116.57,114.33,115.35,115.35,2982120
JNJ,Healthcare,2024-11-20,115.35,115.43,114.95,114.97,114.97,3794177
JNJ,Healthcare,2024-11-21,114.97,115.05,113.63,113.75,113.75,4246731
JNJ,Healthcare,2024-11-22,113.75,114.53,113.12,113.22,113.22,3367913
JNJ,Healthcare,2024-11-25,113.22,113.62,112.53,112.63,112.63,3303039
JNJ,Healthcare,2024-11-26,112.63,113.49,110.03,110.42,110.42,2819258
JNJ,Healthcare,2024-11-27,110.42,110.85,108.87,109.37,109.37,2882715
JNJ,Healthcare,2024-11-28,109.37,111.06,109.05,110.33,110.33,3785924
JNJ,Healthcare,2024-11-29,110.33,112.42,110.13,111.98,111.98,4334156
JNJ,Healthcare,2024-12-02,111.98,113.42,111.51,112.15,112.15,2779072
JNJ,Healthcare,2024-12-03,112.15,112.74,111.54,112.58,112.58,4473047
JNJ,Healthcare,2024-12-04,112.58,112.93,112.51,112.53,112.53,4450200
JNJ,Healthcare,2024-12-05,112.53,112.59,111.62,111.81,111.81,3049035
JNJ,Healthcare,2024-12-06,111.81,112.08,110.66,111.25,111.25,5024791
JNJ,Healthcare,2024-12-09,111.25,111.62,110.1,110.49,110.49,2337302
JNJ,Healthcare,2024-12-10,110.49,110.97,109.9,110.96,110.96,3006165
JNJ,Healthcare,2024-12-11,110.96,111.27,109.46,110.18,110.18,5196423
JNJ,Healthcare,2024-12-12,110.18,110.25,109.14,109.44,109.44,2874391
JNJ,Healthcare,2024-12-13,109.44,109.63,108.27,108.89,108.89,1843769
JNJ,Healthcare,2024-12-16,108.89,110.38,108.45,110.3,110.3,5517299
JNJ,Healthcare,2024-12-17,110.3,110.89,109.71,110.8,110.8,5019993
JNJ,Healthcare,2024-12-18,110.8,112.49,110.68,112.48,112.48,5401141
JNJ,Healthcare,2024-12-19,112.48,113.92,112.47,113.37,113.37,3718621
JNJ,Healthcare,2024-12-20,113.37,113.93,113.06,113.35,113.35,2783377
JNJ,Healthcare,2024-12-23,113.35,115.31,113.05,114.89,114.89,3427331
JNJ,Healthcare,2024-12-24,114.89,115.14,114.45,114.78,114.78,3843873
JNJ,Healthcare,2024-12-25,114.78,115.11,111.06,111.36,111.36,6369760
JNJ,Healthcare,2024-12-26,111.36,112.61,110.7,112.2,112.2,4123257
JNJ,Healthcare,2024-12-27,112.2,112.9,111.89,112.16,112.16,3453944
JNJ,Healthcare,2024-12-30,112.16,112.67,111.87,112.07,112.07,3941697
JNJ,Healthcare,2024-12-31,112.07,112.96,111.33,112.61,112.61,3313662
KO,Consumer Staples,2024-01-01,58.0,58.46,57.69,58.45,58.45,4336691
KO,Consumer Staples,2024-01-02,58.45,58.54,57.42,57.68,57.68,5241771
KO,Consumer Staples,2024-01-03,57.68,57.78,57.53,57.57,57.57,4899744
KO,Consumer Staples,2024-01-04,57.57,58.02,57.42,57.88,57.88,4328040
KO,Consumer Staples,2024-01-05,57.88,57.89,57.16,57.24,57.24,1641817
KO,Consumer Staples,2024-01-08,57.24,57.57,57.13,57.57,57.57,4270124
KO,Consumer Staples,2024-01-09,57.57,58.05,57.53,57.99,57.99,4329799
KO,Consumer Staples,2024-01-10,57.99,58.58,57.77,58.52,58.52,4296013
KO,Consumer Staples,2024-01-11,58.52,58.66,58.15,58.47,58.47,1760245
KO,Consumer Staples,2024-01-12,58.47,59.56,58.06,59.52,59.52,1879797
KO,Consumer Staples,2024-01-15,59.52,59.83,59.04,59.55,59.55,3672049
KO,Consumer Staples,2024-01-16,59.55,59.6,58.81,59.37,59.37,2776075
KO,Consumer Staples,2024-01-17,59.37,59.45,58.83,59.09,59.09,3109435
KO,Consumer Staples,2024-01-18,59.09,59.2,59.03,59.17,59.17,2890016
KO,Consumer Staples,2024-01-19,59.17,59.31,58.72,58.87,58.87,4312449
KO,Consumer Staples,2024-01-22,58.87,59.16,58.87,59.16,59.16,5346011
KO,Consumer Staples,2024-01-23,59.16,59.27,58.71,58.97,58.97,3704698
KO,Consumer Staples,2024-01-24,58.97,58.98,58.74,58.79,58.79,3219935
KO,Consumer Staples,2024-01-25,58.79,58.86,58.43,58.59,58.59,5010081
KO,Consumer Staples,2024-01-26,58.59,58.82,58.12,58.36,58.36,4255175
KO,Consumer Staples,2024-01-29,58.36,58.43,57.27,57.47,57.47,3413135
KO,Consumer Staples,2024-01-30,57.47,58.46,57.16,58.34,58.34,5940552
KO,Consumer Staples,2024-01-31,58.34,58.68,57.84,58.13,58.13,4081616
KO,Consumer Staples,2024-02-01,58.13,58.44,57.36,57.49,57.49,4234088
KO,Consumer Staples,2024-02-02,57.49,57.96,57.4,57.73,57.73,5713147
KO,Consumer Staples,2024-02-05,57.73,57.77,52.77,52.89,52.89,8893128
KO,Consumer Staples,2024-02-06,52.89,53.14,52.28,52.56,52.56,3562655
KO,Consumer Staples,2024-02-07,52.56,54.06,52.22,53.61,53.61,2282374
KO,Consumer Staples,2024-02-08,53.61,53.96,52.99,53.01,53.01,4854627
KO,Consumer Staples,2024-02-09,53.01,53.04,52.82,52.91,52.91,4002153
KO,Consumer Staples,2024-02-12,52.91,53.33,52.88,52.97,52.97,1923392
KO,Consumer Staples,2024-02-13,52.97,53.37,52.82,53.34,53.34,3831335
KO,Consumer Staples,2024-02-14,53.34,53.47,52.91,53.05,53.05,6260801
KO,Consumer Staples,2024-02-15,53.05,53.56,53.05,53.39,53.39,4380342
KO,Consumer Staples,2024-02-16,53.39,53.94,53.22,53.79,53.79,5959875
KO,Consumer Staples,2024-02-19,53.79,53.92,52.47,52.75,52.75,4855919
KO,Consumer Staples,2024-02-20,52.75,52.88,52.25,52.28,52.28,5750417
KO,Consumer Staples,2024-02-21,52.28,53.05,52.09,53.01,53.01,3754773
KO,Consumer Staples,2024-02-22,53.01,53.1,52.81,52.88,52.88,4356098
KO,Consumer Staples,2024-02-23,52.88,52.96,52.51,52.59,52.59,5218265
KO,Consumer Staples,2024-02-26,52.59,53.2,52.36,52.65,52.65,4262333
KO,Consumer Staples,2024-02-27,52.65,52.66,52.08,52.27,52.27,3459757
KO,Consumer Staples,2024-02-28,52.27,52.57,52.14,52.32,52.32,5154779
KO,Consumer Staples,2024-02-29,52.32,52.49,51.89,52.07,52.07,3184133
KO,Consumer Staples,2024-03-01,52.07,52.11,51.41,51.71,51.71,3013197
KO,Consumer Staples,2024-03-04,51.71,52.02,50.62,50.74,50.74,3786372
KO,Consumer Staples,2024-03-05,50.74,50.9,50.63,50.82,50.82,4603356
KO,Consumer Staples,2024-03-06,50.82,51.51,50.7,51.31,51.31,5024018
KO,Consumer Staples,2024-03-07,51.31,51.37,50.9,51.09,51.09,4609975
KO,Consumer Staples,2024-03-08,51.09,51.17,50.59,50.63,50.63,4893503
KO,Consumer Staples,2024-03-11,50.63,50.99,50.43,50.94,50.94,6632323
KO,Consumer Staples,2024-03-12,50.94,51.04,49.86,50.18,50.18,5758252
KO,Consumer Staples,2024-03-13,50.18,50.19,49.74,49.78,49.78,3616028
KO,Consumer Staples,2024-03-14,49.78,49.98,49.69,49.76,49.76,4649585
KO,Consumer Staples,2024-03-15,49.76,49.93,49.31,49.32,49.32,1890587
KO,Consumer Staples,2024-03-18,49.32,50.16,49.04,49.6,49.6,3228668
KO,Consumer Staples,2024-03-19,49.6,49.8,49.25,49.4,49.4,5409025
KO,Consumer Staples,2024-03-20,49.4,49.91,48.83,49.62,49.62,2917608
KO,Consumer Staples,2024-03-21,49.62,50.97,49.56,50.89,50.89,3442211
KO,Consumer Staples,2024-03-22,50.89,51.03,50.6,50.86,50.86,3931526
KO,Consumer Staples,2024-03-25,50.86,51.04,50.54,50.94,50.94,5063365
KO,Consumer Staples,2024-03-26,50.94,51.07,49.69,50.08,50.08,3341009
KO,Consumer Staples,2024-03-27,50.08,50.71,50.05,50.69,50.69,4690129
KO,Consumer Staples,2024-03-28,50.69,50.95,50.36,50.44,50.44,2591352
KO,Consumer Staples,2024-03-29,50.44,50.97,50.19,50.96,50.96,4824051
KO,Consumer Staples,2024-04-01,50.96,51.23,50.92,51.17,51.17,4650643
KO,Consumer Staples,2024-04-02,51.17,54.47,51.15,54.47,54.47,15750519
KO,Consumer Staples,2024-04-03,54.47,54.69,54.34,54.54,54.54,2036023
KO,Consumer Staples,2024-04-04,54.54,54.73,54.22,54.24,54.24,4338384
KO,Consumer Staples,2024-04-05,54.24,54.45,53.91,53.93,53.93,5331236
KO,Consumer Staples,2024-04-08,53.93,54.7,53.86,54.38,54.38,2961863
KO,Consumer Staples,2024-04-09,54.38,54.46,54.3,54.42,54.42,4804736
KO,Consumer Staples,2024-04-10,54.42,55.62,54.18,54.95,54.95,3350770
KO,Consumer Staples,2024-04-11,54.95,55.89,54.61,55.82,55.82,4997938
KO,Consumer Staples,2024-04-12,55.82,55.89,54.94,55.04,55.04,4321196
KO,Consumer Staples,2024-04-15,55.04,55.12,54.39,54.63,54.63,6242417
KO,Consumer Staples,2024-04-16,54.63,54.89,54.35,54.84,54.84,2914746
KO,Consumer Staples,2024-04-17,54.84,55.16,54.49,54.62,54.62,4197621
KO,Consumer Staples,2024-04-18,54.62,54.95,54.58,54.78,54.78,1394820
KO,Consumer Staples,2024-04-19,54.78,54.9,53.96,54.02,54.02,1925585
KO,Consumer Staples,2024-04-22,54.02,54.55,53.88,53.9,53.9,2227679
KO,Consumer Staples,2024-04-23,53.9,54.61,53.77,54.17,54.17,6617692
KO,Consumer Staples,2024-04-24,54.17,54.27,53.04,53.33,53.33,4831206
KO,Consumer Staples,2024-04-25,53.33,54.09,53.15,53.91,53.91,6339994
KO,Consumer Staples,2024-04-26,53.91,53.94,53.83,53.83,53.83,2725145
KO,Consumer Staples,2024-04-29,53.83,54.48,53.79,54.38,54.38,3508491
KO,Consumer Staples,2024-04-30,54.38,54.68,54.25,54.63,54.63,3769686
KO,Consumer Staples,2024-05-01,54.63,54.74,54.61,54.71,54.71,2419365
KO,Consumer Staples,2024-05-02,54.71,55.11,52.87,53.03,53.03,2384276
KO,Consumer Staples,2024-05-03,53.03,53.07,52.44,52.54,52.54,4525922
KO,Consumer Staples,2024-05-06,52.54,53.34,52.34,52.8,52.8,6022160
KO,Consumer Staples,2024-05-07,52.8,53.35,52.26,53.31,53.31,3000974
KO,Consumer Staples,2024-05-08,53.31,53.63,52.77,53.39,53.39,2462051
KO,Consumer Staples,2024-05-09,53.39,53.66,52.27,52.37,52.37,3646561
KO,Consumer Staples,2024-05-10,52.37,52.46,51.94,51.95,51.95,3711629
KO,Consumer Staples,2024-05-13,51.95,52.95,51.61,52.9,52.9,3680555
KO,Consumer Staples,2024-05-14,52.9,53.51,52.8,53.3,53.3,3528276
KO,Consumer Staples,2024-05-15,53.3,53.57,53.02,53.56,53.56,5006901
KO,Consumer Staples,2024-05-16,53.56,54.7,53.41,53.96,53.96,4366596
KO,Consumer Staples,2024-05-17,53.96,54.39,53.74,53.98,53.98,5233012
KO,Consumer Staples,2024-05-20,53.98,54.15,53.46,53.53,53.53,5123675
KO,Consumer Staples,2024-05-21,53.53,54.59,53.14,54.52,54.52,2476846
KO,Consumer Staples,2024-05-22,54.52,55.57,54.41,55.18,55.18,3940094
KO,Consumer Staples,2024-05-23,55.18,55.33,55.07,55.08,55.08,1864308
KO,Consumer Staples,2024-05-24,55.08,55.9,54.99,55.7,55.7,3332749
KO,Consumer Staples,2024-05-27,55.7,55.81,55.35,55.61,55.61,4876609
KO,Consumer Staples,2024-05-28,55.61,55.8,54.87,55.27,55.27,4149652
KO,Consumer Staples,2024-05-29,55.27,55.38,54.92,55.21,55.21,4635571
KO,Consumer Staples,2024-05-30,55.21,55.61,55.08,55.21,55.21,4128437
KO,Consumer Staples,2024-05-31,55.21,55.95,55.2,55.85,55.85,4108167
KO,Consumer Staples,2024-06-03,55.85,56.53,55.67,56.26,56.26,4614554
KO,Consumer Staples,2024-06-04,56.26,56.41,56.08,56.33,56.33,4395942
KO,Consumer Staples,2024-06-05,56.33,56.55,55.35,55.4,55.4,5772533
KO,Consumer Staples,2024-06-06,55.4,55.54,55.04,55.18,55.18,5032574
KO,Consumer Staples,2024-06-07,55.18,55.22,54.49,54.86,54.86,3175356
KO,Consumer Staples,2024-06-10,54.86,55.2,54.68,55.17,55.17,4126649
KO,Consumer Staples,2024-06-11,55.17,55.47,54.89,55.0,55.0,2138567
KO,Consumer Staples,2024-06-12,55.0,55.64,54.65,55.24,55.24,5466893
KO,Consumer Staples,2024-06-13,55.24,55.26,54.96,55.12,55.12,5130491
KO,Consumer Staples,2024-06-14,55.12,56.02,54.84,55.88,55.88,3794730
KO,Consumer Staples,2024-06-17,55.88,57.69,55.67,57.5,57.5,3066066
KO,Consumer Staples,2024-06-18,57.5,57.58,56.23,56.5,56.5,4819349
KO,Consumer Staples,2024-06-19,56.5,56.91,56.15,56.75,56.75,2717406
KO,Consumer Staples,2024-06-20,56.75,56.91,55.68,55.74,55.74,4259279
KO,Consumer Staples,2024-06-21,55.74,55.88,55.68,55.78,55.78,2779540
KO,Consumer Staples,2024-06-24,55.78,55.81,55.44,55.53,55.53,5100004
KO,Consumer Staples,2024-06-25,55.53,55.72,54.52,54.58,54.58,4299321
KO,Consumer Staples,2024-06-26,54.58,55.3,54.28,54.91,54.91,3984628
KO,Consumer Staples,2024-06-27,54.91,55.25,54.69,55.24,55.24,2000296
KO,Consumer Staples,2024-06-28,55.24,56.45,55.22,56.19,56.19,4451845
KO,Consumer Staples,2024-07-01,56.19,57.32,56.13,57.05,57.05,5540748
KO,Consumer Staples,2024-07-02,57.05,57.41,57.01,57.16,57.16,3500459
KO,Consumer Staples,2024-07-03,57.16,57.6,57.06,57.29,57.29,2791210
KO,Consumer Staples,2024-07-04,57.29,57.36,56.22,56.4,56.4,4790670
KO,Consumer Staples,2024-07-05,56.4,56.7,55.84,55.92,55.92,5250081
KO,Consumer Staples,2024-07-08,55.92,56.33,55.64,56.25,56.25,5023413
KO,Consumer Staples,2024-07-09,56.25,56.7,55.32,55.66,55.66,5426640
KO,Consumer Staples,2024-07-10,55.66,55.81,55.31,55.43,55.43,4172882
KO,Consumer Staples,2024-07-11,55.43,55.59,54.4,54.66,54.66,2811684
KO,Consumer Staples,2024-07-12,54.66,54.76,54.28,54.34,54.34,2547911
KO,Consumer Staples,2024-07-15,54.34,54.34,53.74,54.16,54.16,4237513
KO,Consumer Staples,2024-07-16,54.16,55.38,53.93,55.15,55.15,4778660
KO,Consumer Staples,2024-07-17,55.15,55.61,55.02,55.59,55.59,3998045
KO,Consumer Staples,2024-07-18,55.59,56.24,55.42,56.05,56.05,3808189
KO,Consumer Staples,2024-07-19,56.05,56.1,55.6,55.63,55.63,5614635
KO,Consumer Staples,2024-07-22,55.63,56.15,55.61,55.86,55.86,1682830
KO,Consumer Staples,2024-07-23,55.86,56.23,55.6,55.75,55.75,4779922
KO,Consumer Staples,2024-07-24,55.75,55.95,55.57,55.78,55.78,5128647
KO,Consumer Staples,2024-07-25,55.78,56.14,55.62,55.95,55.95,3269849
KO,Consumer Staples,2024-07-26,55.95,56.42,55.68,56.22,56.22,2602630
KO,Consumer Staples,2024-07-29,56.22,56.83,56.19,56.79,56.79,4741845
KO,Consumer Staples,2024-07-30,56.79,56.89,56.4,56.86,56.86,3464458
KO,Consumer Staples,2024-07-31,56.86,57.5,56.64,57.45,57.45,3221713
KO,Consumer Staples,2024-08-01,57.45,57.63,57.33,57.51,57.51,2906822
KO,Consumer Staples,2024-08-02,57.51,58.41,57.17,58.11,58.11,3966687
KO,Consumer Staples,2024-08-05,58.11,59.06,58.03,58.55,58.55,2957109
KO,Consumer Staples,2024-08-06,58.55,58.7,58.45,58.46,58.46,3586244
KO,Consumer Staples,2024-08-07,58.46,58.55,57.94,58.54,58.54,5089417
KO,Consumer Staples,2024-08-08,58.54,58.74,57.66,57.98,57.98,3785960
KO,Consumer Staples,2024-08-09,57.98,58.19,57.39,57.61,57.61,4477667
KO,Consumer Staples,2024-08-12,57.61,57.74,57.11,57.17,57.17,6410480
KO,Consumer Staples,2024-08-13,57.17,57.38,56.92,56.93,56.93,5266253
KO,Consumer Staples,2024-08-14,56.93,58.3,56.85,57.98,57.98,3995781
KO,Consumer Staples,2024-08-15,57.98,58.11,57.44,57.46,57.46,3211700
KO,Consumer Staples,2024-08-16,57.46,57.73,56.71,56.82,56.82,3895388
KO,Consumer Staples,2024-08-19,56.82,57.29,56.79,57.21,57.21,4833455
KO,Consumer Staples,2024-08-20,57.21,57.51,56.95,57.0,57.0,3998652
KO,Consumer Staples,2024-08-21,57.0,57.32,56.64,57.1,57.1,2995893
KO,Consumer Staples,2024-08-22,57.1,57.13,56.58,57.01,57.01,5507936
KO,Consumer Staples,2024-08-23,57.01,57.19,56.07,56.18,56.18,5002247
KO,Consumer Staples,2024-08-26,56.18,56.35,56.11,56.27,56.27,2560889
KO,Consumer Staples,2024-08-27,56.27,56.3,55.2,55.43,55.43,2643015
KO,Consumer Staples,2024-08-28,55.43,55.82,53.86,54.21,54.21,2485214
KO,Consumer Staples,2024-08-29,54.21,54.63,53.95,54.56,54.56,4455010
KO,Consumer Staples,2024-08-30,54.56,54.63,53.6,53.72,53.72,4974151
KO,Consumer Staples,2024-09-02,53.72,54.15,53.32,53.77,53.77,2867081
KO,Consumer Staples,2024-09-03,53.77,53.8,53.33,53.68,53.68,3687197
KO,Consumer Staples,2024-09-04,53.68,53.72,53.45,53.54,53.54,5901502
KO,Consumer Staples,2024-09-05,53.54,54.2,53.5,53.82,53.82,4048068
KO,Consumer Staples,2024-09-06,53.82,53.91,53.33,53.38,53.38,2981564
KO,Consumer Staples,2024-09-09,53.38,53.75,53.31,53.66,53.66,3462302
KO,Consumer Staples,2024-09-10,53.66,53.81,53.62,53.77,53.77,3885660
KO,Consumer Staples,2024-09-11,53.77,54.4,53.67,54.3,54.3,4313350
KO,Consumer Staples,2024-09-12,54.3,54.55,53.53,53.69,53.69,2492437
KO,Consumer Staples,2024-09-13,53.69,53.88,53.66,53.75,53.75,4441607
KO,Consumer Staples,2024-09-16,53.75,54.19,53.71,54.09,54.09,6087662
KO,Consumer Staples,2024-09-17,54.09,54.2,53.87,54.12,54.12,4370847
KO,Consumer Staples,2024-09-18,54.12,54.41,54.02,54.34,54.34,4464812
KO,Consumer Staples,2024-09-19,54.34,54.38,53.09,53.13,53.13,3262262
KO,Consumer Staples,2024-09-20,53.13,53.45,52.93,53.17,53.17,5401439
KO,Consumer Staples,2024-09-23,53.17,53.39,52.6,52.73,52.73,3997784
KO,Consumer Staples,2024-09-24,52.73,52.91,52.01,52.34,52.34,3970522
KO,Consumer Staples,2024-09-25,52.34,53.02,52.29,52.76,52.76,2535057
KO,Consumer Staples,2024-09-26,52.76,52.78,51.61,51.84,51.84,2316558
KO,Consumer Staples,2024-09-27,51.84,52.68,51.25,52.37,52.37,4458169
KO,Consumer Staples,2024-09-30,52.37,53.26,52.25,53.08,53.08,2746034
KO,Consumer Staples,2024-10-01,53.08,53.85,52.94,53.56,53.56,4045652
KO,Consumer Staples,2024-10-02,53.56,54.62,53.45,54.4,54.4,2966087
KO,Consumer Staples,2024-10-03,54.4,55.19,54.11,55.15,55.15,3081132
KO,Consumer Staples,2024-10-04,55.15,55.23,54.45,54.65,54.65,5473413
KO,Consumer Staples,2024-10-07,54.65,54.88,54.42,54.53,54.53,5273650
KO,Consumer Staples,2024-10-08,54.53,54.55,53.48,53.49,53.49,4649996
KO,Consumer Staples,2024-10-09,53.49,53.77,52.52,52.54,52.54,3435744
KO,Consumer Staples,2024-10-10,52.54,52.91,52.3,52.61,52.61,5425063
KO,Consumer Staples,2024-10-11,52.61,53.17,52.23,53.16,53.16,3494559
KO,Consumer Staples,2024-10-14,53.16,53.38,52.72,53.3,53.3,5613921
KO,Consumer Staples,2024-10-15,53.3,53.32,52.55,52.82,52.82,3670161
KO,Consumer Staples,2024-10-16,52.82,52.94,52.54,52.56,52.56,5445191
KO,Consumer Staples,2024-10-17,52.56,52.74,52.06,52.16,52.16,3883309
KO,Consumer Staples,2024-10-18,52.16,52.33,51.83,52.11,52.11,3473788
KO,Consumer Staples,2024-10-21,52.11,52.92,51.95,52.81,52.81,2930034
KO,Consumer Staples,2024-10-22,52.81,52.92,52.46,52.47,52.47,5469620
KO,Consumer Staples,2024-10-23,52.47,52.53,51.46,51.59,51.59,5280273
KO,Consumer Staples,2024-10-24,51.59,52.31,51.41,52.27,52.27,3405975
KO,Consumer Staples,2024-10-25,52.27,52.6,52.21,52.55,52.55,2467540
KO,Consumer Staples,2024-10-28,52.55,52.75,52.14,52.28,52.28,6707826
KO,Consumer Staples,2024-10-29,52.28,52.72,51.5,52.04,52.04,3313995
KO,Consumer Staples,2024-10-30,52.04,52.18,51.43,51.77,51.77,6119340
KO,Consumer Staples,2024-10-31,51.77,52.33,51.75,52.27,52.27,3949087
KO,Consumer Staples,2024-11-01,52.27,52.49,51.99,52.06,52.06,2005073
KO,Consumer Staples,2024-11-04,52.06,52.3,51.7,51.92,51.92,5963735
KO,Consumer Staples,2024-11-05,51.92,52.2,51.69,52.14,52.14,3497687
KO,Consumer Staples,2024-11-06,52.14,52.23,51.59,51.83,51.83,3644017
KO,Consumer Staples,2024-11-07,51.83,52.59,51.75,52.37,52.37,5856154
KO,Consumer Staples,2024-11-08,52.37,52.71,51.68,52.01,52.01,4545897
KO,Consumer Staples,2024-11-11,52.01,52.12,51.48,51.59,51.59,4789107
KO,Consumer Staples,2024-11-12,51.59,51.99,51.42,51.65,51.65,4197282
KO,Consumer Staples,2024-11-13,51.65,52.47,51.42,51.84,51.84,4168512
KO,Consumer Staples,2024-11-14,51.84,52.2,51.8,52.03,52.03,3627369
KO,Consumer Staples,2024-11-15,52.03,52.23,51.9,51.92,51.92,5365434
KO,Consumer Staples,2024-11-18,51.92,52.0,51.8,51.98,51.98,4252485
KO,Consumer Staples,2024-11-19,51.98,52.23,51.91,51.93,51.93,6250204
KO,Consumer Staples,2024-11-20,51.93,51.97,51.41,51.57,51.57,2340665
KO,Consumer Staples,2024-11-21,51.57,51.58,51.16,51.22,51.22,4619073
KO,Consumer Staples,2024-11-22,51.22,51.3,50.23,50.35,50.35,4594941
KO,Consumer Staples,2024-11-25,50.35,50.87,50.12,50.71,50.71,6623851
KO,Consumer Staples,2024-11-26,50.71,50.81,49.95,50.01,50.01,3445494
KO,Consumer Staples,2024-11-27,50.01,50.64,49.77,50.44,50.44,4772864
KO,Consumer Staples,2024-11-28,50.44,50.54,49.93,50.35,50.35,4898016
KO,Consumer Staples,2024-11-29,50.35,51.05,50.01,50.99,50.99,4387569
KO,Consumer Staples,2024-12-02,50.99,51.23,50.7,50.91,50.91,1536326
KO,Consumer Staples,2024-12-03,50.91,51.67,50.76,51.63,51.63,5273500
KO,Consumer Staples,2024-12-04,51.63,52.24,51.59,52.05,52.05,2247849
KO,Consumer Staples,2024-12-05,52.05,52.16,47.33,47.44,47.44,12540862
KO,Consumer Staples,2024-12-06,47.44,48.18,47.41,48.03,48.03,5754060
KO,Consumer Staples,2024-12-09,48.03,48.71,47.67,48.46,48.46,1871537
KO,Consumer Staples,2024-12-10,48.46,49.21,48.31,49.18,49.18,4788314
KO,Consumer Staples,2024-12-11,49.18,50.1,49.03,49.82,49.82,4617371
KO,Consumer Staples,2024-12-12,49.82,50.25,49.19,49.33,49.33,5147122
KO,Consumer Staples,2024-12-13,49.33,50.1,49.23,49.87,49.87,2944433
KO,Consumer Staples,2024-12-16,49.87,50.14,49.73,50.01,50.01,3147836
KO,Consumer Staples,2024-12-17,50.01,50.1,48.76,49.07,49.07,5583306
KO,Consumer Staples,2024-12-18,49.07,49.67,48.82,49.61,49.61,5425256
KO,Consumer Staples,2024-12-19,49.61,49.83,49.1,49.25,49.25,5377079
KO,Consumer Staples,2024-12-20,49.25,49.26,48.77,48.94,48.94,3964373
KO,Consumer Staples,2024-12-23,48.94,49.32,48.87,49.17,49.17,4189877
KO,Consumer Staples,2024-12-24,49.17,50.36,49.12,50.12,50.12,4097549
KO,Consumer Staples,2024-12-25,50.12,50.41,49.77,50.35,50.35,5035705
KO,Consumer Staples,2024-12-26,50.35,50.54,49.59,49.81,49.81,4403016
KO,Consumer Staples,2024-12-27,49.81,50.3,49.66,50.05,50.05,3384004
KO,Consumer Staples,2024-12-30,50.05,50.46,49.88,49.99,49.99,2380420
KO,Consumer Staples,2024-12-31,49.99,50.76,49.98,50.64,50.64,4082556
NVDA,Technology,2024-01-01,480.0,480.63,464.4,465.04,465.04,8291506
NVDA,Technology,2024-01-02,465.04,466.28,456.73,458.16,458.16,12446473
NVDA,Technology,2024-01-03,458.16,458.34,447.79,448.17,448.17,8318234
NVDA,Technology,2024-01-04,448.17,451.42,423.34,425.71,425.71,23579857
NVDA,Technology,2024-01-05,425.71,431.47,420.35,430.01,430.01,10653441
NVDA,Technology,2024-01-08,430.01,431.82,428.29,429.08,429.08,7200685
NVDA,Technology,2024-01-09,429.08,431.18,425.56,425.81,425.81,11700733
NVDA,Technology,2024-01-10,425.81,428.17,405.86,408.7,408.7,9029523
NVDA,Technology,2024-01-11,408.7,413.83,407.35,413.62,413.62,7382453
NVDA,Technology,2024-01-12,413.62,415.18,399.75,401.56,401.56,12909570
NVDA,Technology,2024-01-15,401.56,409.35,400.46,408.86,408.86,6896245
NVDA,Technology,2024-01-16,408.86,412.48,408.16,411.07,411.07,6162533
NVDA,Technology,2024-01-17,411.07,423.81,409.77,421.22,421.22,10094622
NVDA,Technology,2024-01-18,421.22,424.51,408.96,411.78,411.78,9982216
NVDA,Technology,2024-01-19,411.78,435.14,411.75,434.46,434.46,16617652
NVDA,Technology,2024-01-22,434.46,435.58,419.06,419.43,419.43,4681049
NVDA,Technology,2024-01-23,419.43,427.08,419.39,425.8,425.8,5632018
NVDA,Technology,2024-01-24,425.8,434.94,424.96,434.86,434.86,11247060
NVDA,Technology,2024-01-25,434.86,436.0,403.99,406.29,406.29,30601303
NVDA,Technology,2024-01-26,406.29,409.31,399.03,399.35,399.35,8443584
NVDA,Technology,2024-01-29,399.35,404.98,396.45,404.08,404.08,9528924
NVDA,Technology,2024-01-30,404.08,408.64,402.2,408.23,408.23,7142203
NVDA,Technology,2024-01-31,408.23,421.67,407.78,421.17,421.17,7278932
NVDA,Technology,2024-02-01,421.17,447.31,420.64,445.5,445.5,27573885
NVDA,Technology,2024-02-02,445.5,445.61,443.62,443.83,443.83,5969366
NVDA,Technology,2024-02-05,443.83,444.57,434.53,435.74,435.74,8297333
NVDA,Technology,2024-02-06,435.74,436.08,420.92,421.25,421.25,7622928
NVDA,Technology,2024-02-07,421.25,432.04,419.61,431.35,431.35,4352243
NVDA,Technology,2024-02-08,431.35,433.2,412.85,413.42,413.42,7890088
NVDA,Technology,2024-02-09,413.42,433.07,413.38,430.37,430.37,8539041
NVDA,Technology,2024-02-12,430.37,430.93,417.78,418.41,418.41,3945396
NVDA,Technology,2024-02-13,418.41,435.41,417.77,434.94,434.94,10457951
NVDA,Technology,2024-02-14,434.94,449.37,433.27,449.32,449.32,6395932
NVDA,Technology,2024-02-15,449.32,449.79,437.92,441.09,441.09,11672820
NVDA,Technology,2024-02-16,441.09,442.7,426.63,427.25,427.25,4087204
NVDA,Technology,2024-02-19,427.25,427.64,418.05,420.91,420.91,9979588
NVDA,Technology,2024-02-20,420.91,424.45,409.81,410.31,410.31,8604294
NVDA,Technology,2024-02-21,410.31,412.8,407.3,412.2,412.2,6063735
NVDA,Technology,2024-02-22,412.2,413.32,406.65,408.02,408.02,12964244
NVDA,Technology,2024-02-23,408.02,410.76,397.86,399.72,399.72,7085124
NVDA,Technology,2024-02-26,399.72,401.26,385.5,388.47,388.47,5850915
NVDA,Technology,2024-02-27,388.47,389.47,371.49,373.16,373.16,8457523
NVDA,Technology,2024-02-28,373.16,374.04,350.71,351.16,351.16,25630720
NVDA,Technology,2024-02-29,351.16,362.43,349.51,360.54,360.54,7162375
NVDA,Technology,2024-03-01,360.54,365.2,359.87,364.69,364.69,4664122
NVDA,Technology,2024-03-04,364.69,364.97,353.49,353.84,353.84,7671583
NVDA,Technology,2024-03-05,353.84,365.55,353.19,365.4,365.4,4285988
NVDA,Technology,2024-03-06,365.4,366.99,364.85,366.76,366.76,5839613
NVDA,Technology,2024-03-07,366.76,367.85,364.02,367.06,367.06,7058463
NVDA,Technology,2024-03-08,367.06,379.86,365.73,379.8,379.8,100000
NVDA,Technology,2024-03-11,379.8,380.72,377.28,377.92,377.92,5292589
NVDA,Technology,2024-03-12,377.92,385.99,375.5,385.12,385.12,6221154
NVDA,Technology,2024-03-13,385.12,403.01,382.89,402.96,402.96,5189034
NVDA,Technology,2024-03-14,402.96,412.15,402.52,409.62,409.62,7116036
NVDA,Technology,2024-03-15,409.62,410.68,393.33,394.39,394.39,12976477
NVDA,Technology,2024-03-18,394.39,396.32,381.78,384.65,384.65,7145878
NVDA,Technology,2024-03-19,384.65,384.83,378.95,379.24,379.24,10577994
NVDA,Technology,2024-03-20,379.24,390.08,379.01,389.31,389.31,11839301
NVDA,Technology,2024-03-21,389.31,391.1,379.69,381.41,381.41,4993697
NVDA,Technology,2024-03-22,381.41,381.94,370.38,371.92,371.92,3866956
NVDA,Technology,2024-03-25,371.92,373.73,369.28,373.6,373.6,8390897
NVDA,Technology,2024-03-26,373.6,373.76,367.06,369.67,369.67,9561778
NVDA,Technology,2024-03-27,369.67,393.86,367.74,387.57,387.57,6113850
NVDA,Technology,2024-03-28,387.57,387.67,367.64,367.76,367.76,32701697
NVDA,Technology,2024-03-29,367.76,368.03,366.49,367.35,367.35,9692817
NVDA,Technology,2024-04-01,367.35,368.03,359.25,359.65,359.65,7615854
NVDA,Technology,2024-04-02,359.65,360.78,354.75,355.65,355.65,8784737
NVDA,Technology,2024-04-03,355.65,362.74,355.32,362.49,362.49,8596843
NVDA,Technology,2024-04-04,362.49,364.19,356.35,356.64,356.64,9084363
NVDA,Technology,2024-04-05,356.64,376.52,355.99,375.3,375.3,35073548
NVDA,Technology,2024-04-08,375.3,375.79,351.64,354.76,354.76,12446018
NVDA,Technology,2024-04-09,354.76,361.3,354.73,360.15,360.15,11178390
NVDA,Technology,2024-04-10,360.15,360.54,358.11,359.8,359.8,10352538
NVDA,Technology,2024-04-11,359.8,361.8,351.64,352.53,352.53,7759054
NVDA,Technology,2024-04-12,352.53,354.31,350.05,351.07,351.07,2627110
NVDA,Technology,2024-04-15,351.07,365.35,350.61,363.77,363.77,9204306
NVDA,Technology,2024-04-16,363.77,364.22,347.5,350.11,350.11,10592781
NVDA,Technology,2024-04-17,350.11,358.7,349.86,357.6,357.6,8348474
NVDA,Technology,2024-04-18,357.6,357.94,352.72,353.8,353.8,9305830
NVDA,Technology,2024-04-19,353.8,362.8,353.72,362.2,362.2,7829111
NVDA,Technology,2024-04-22,362.2,363.91,362.15,363.23,363.23,8749137
NVDA,Technology,2024-04-23,363.23,365.0,348.04,349.01,349.01,8366380
NVDA,Technology,2024-04-24,349.01,349.89,337.47,340.72,340.72,11464673
NVDA,Technology,2024-04-25,340.72,341.71,325.24,325.31,325.31,5320276
NVDA,Technology,2024-04-26,325.31,325.95,318.73,319.37,319.37,6867397
NVDA,Technology,2024-04-29,319.37,319.92,299.84,302.98,302.98,26423332
NVDA,Technology,2024-04-30,302.98,309.7,302.89,309.25,309.25,9839424
NVDA,Technology,2024-05-01,309.25,316.22,307.35,314.43,314.43,6973732
NVDA,Technology,2024-05-02,314.43,321.81,313.66,321.64,321.64,7404472
NVDA,Technology,2024-05-03,321.64,323.18,321.31,322.3,322.3,8530614
NVDA,Technology,2024-05-06,322.3,324.96,313.92,314.69,314.69,8769535
NVDA,Technology,2024-05-07,314.69,316.02,314.22,315.26,315.26,5386314
NVDA,Technology,2024-05-08,315.26,316.54,307.25,308.54,308.54,10421799
NVDA,Technology,2024-05-09,308.54,312.04,307.1,311.47,311.47,9653910
NVDA,Technology,2024-05-10,311.47,323.58,310.74,323.25,323.25,11756190
NVDA,Technology,2024-05-13,323.25,340.28,322.32,339.87,339.87,26317477
NVDA,Technology,2024-05-14,339.87,348.5,338.19,348.07,348.07,8239078
NVDA,Technology,2024-05-15,348.07,361.07,346.63,359.55,359.55,6064370
NVDA,Technology,2024-05-16,359.55,383.09,358.6,380.1,380.1,18449343
NVDA,Technology,2024-05-17,380.1,380.32,368.89,370.11,370.11,8418829
NVDA,Technology,2024-05-20,370.11,377.46,368.93,376.67,376.67,6081473
NVDA,Technology,2024-05-21,376.67,377.11,373.56,374.31,374.31,9689074
NVDA,Technology,2024-05-22,374.31,380.12,373.64,378.73,378.73,7368434
NVDA,Technology,2024-05-23,378.73,381.76,362.26,365.49,365.49,9022710
NVDA,Technology,2024-05-24,365.49,365.62,361.38,362.13,362.13,2710338
NVDA,Technology,2024-05-27,362.13,364.08,356.65,357.61,357.61,10076627
NVDA,Technology,2024-05-28,357.61,371.35,353.93,370.71,370.71,6504273
NVDA,Technology,2024-05-29,370.71,371.47,369.32,371.35,371.35,10536733
NVDA,Technology,2024-05-30,371.35,373.98,366.62,367.37,367.37,7914999
NVDA,Technology,2024-05-31,367.37,368.05,359.62,360.6,360.6,6983934
NVDA,Technology,2024-06-03,360.6,384.31,359.75,383.25,383.25,21877868
NVDA,Technology,2024-06-04,383.25,393.01,382.64,390.23,390.23,8377149
NVDA,Technology,2024-06-05,390.23,392.34,389.65,390.67,390.67,7572848
NVDA,Technology,2024-06-06,390.67,396.07,389.43,395.05,395.05,12191577
NVDA,Technology,2024-06-07,395.05,409.83,390.88,408.51,408.51,6000333
NVDA,Technology,2024-06-10,408.51,409.24,391.18,392.18,392.18,6859699
NVDA,Technology,2024-06-11,392.18,393.18,385.91,385.96,385.96,7037328
NVDA,Technology,2024-06-12,385.96,397.71,384.11,396.02,396.02,6976228
NVDA,Technology,2024-06-13,396.02,398.17,390.16,391.56,391.56,7917964
NVDA,Technology,2024-06-14,391.56,392.36,385.63,387.52,387.52,5857344
NVDA,Technology,2024-06-17,387.52,410.12,386.15,409.49,409.49,34119550
NVDA,Technology,2024-06-18,409.49,414.0,408.73,413.81,413.81,10034192
NVDA,Technology,2024-06-19,413.81,419.49,412.38,417.2,417.2,6007830
NVDA,Technology,2024-06-20,417.2,418.26,412.17,413.93,413.93,8916122
NVDA,Technology,2024-06-21,413.93,415.78,409.39,412.29,412.29,7397317
NVDA,Technology,2024-06-24,412.29,412.42,397.42,399.96,399.96,9514439
NVDA,Technology,2024-06-25,399.96,408.08,399.34,407.08,407.08,9776301
NVDA,Technology,2024-06-26,407.08,407.76,405.1,405.31,405.31,7504287
NVDA,Technology,2024-06-27,405.31,410.39,403.61,407.88,407.88,7516592
NVDA,Technology,2024-06-28,407.88,413.42,406.66,413.35,413.35,7200044
NVDA,Technology,2024-07-01,413.35,414.16,406.14,408.49,408.49,3536808
NVDA,Technology,2024-07-02,408.49,408.64,397.35,400.02,400.02,13016443
NVDA,Technology,2024-07-03,400.02,403.97,399.59,400.82,400.82,11817909
NVDA,Technology,2024-07-04,400.82,404.53,400.52,402.85,402.85,10764251
NVDA,Technology,2024-07-05,402.85,412.1,402.59,410.06,410.06,10868425
NVDA,Technology,2024-07-08,410.06,410.5,403.45,404.25,404.25,6168942
NVDA,Technology,2024-07-09,404.25,422.19,404.15,419.96,419.96,11996341
NVDA,Technology,2024-07-10,419.96,422.18,415.87,416.86,416.86,8203351
NVDA,Technology,2024-07-11,416.86,424.56,416.66,422.26,422.26,9745211
NVDA,Technology,2024-07-12,422.26,423.66,415.46,417.31,417.31,7355713
NVDA,Technology,2024-07-15,417.31,418.15,416.05,416.4,416.4,4767714
NVDA,Technology,2024-07-16,416.4,443.62,414.95,441.52,441.52,14236552
NVDA,Technology,2024-07-17,441.52,459.48,440.52,455.52,455.52,7046364
NVDA,Technology,2024-07-18,455.52,463.12,455.2,461.18,461.18,7635317
NVDA,Technology,2024-07-19,461.18,476.01,459.99,473.68,473.68,10315218
NVDA,Technology,2024-07-22,473.68,482.26,471.23,481.09,481.09,7276208
NVDA,Technology,2024-07-23,481.09,487.84,480.99,486.73,486.73,6058225
NVDA,Technology,2024-07-24,486.73,497.64,485.51,496.42,496.42,3071632
NVDA,Technology,2024-07-25,496.42,502.9,496.06,502.75,502.75,8808823
NVDA,Technology,2024-07-26,502.75,541.62,501.59,540.04,540.04,16029247
NVDA,Technology,2024-07-29,540.04,563.38,539.02,561.79,561.79,8248116
NVDA,Technology,2024-07-30,561.79,562.96,544.3,544.73,544.73,8150800
NVDA,Technology,2024-07-31,544.73,548.14,536.78,537.65,537.65,5970674
NVDA,Technology,2024-08-01,537.65,539.27,510.22,510.59,510.59,14492766
NVDA,Technology,2024-08-02,510.59,538.18,509.18,535.17,535.17,5139100
NVDA,Technology,2024-08-05,535.17,553.75,530.76,553.04,553.04,9916403
NVDA,Technology,2024-08-06,553.04,569.93,552.69,569.22,569.22,8152168
NVDA,Technology,2024-08-07,569.22,574.82,562.16,563.44,563.44,7221975
NVDA,Technology,2024-08-08,563.44,566.3,522.4,524.49,524.49,33996713
NVDA,Technology,2024-08-09,524.49,525.41,474.86,478.1,478.1,28731825
NVDA,Technology,2024-08-12,478.1,478.87,469.58,471.78,471.78,10727222
NVDA,Technology,2024-08-13,471.78,472.35,466.25,466.59,466.59,10140506
NVDA,Technology,2024-08-14,466.59,467.86,448.36,448.83,448.83,8011384
NVDA,Technology,2024-08-15,448.83,454.04,442.37,442.9,442.9,6339043
NVDA,Technology,2024-08-16,442.9,445.39,438.76,442.47,442.47,7556359
NVDA,Technology,2024-08-19,442.47,445.87,442.0,444.41,444.41,8152885
NVDA,Technology,2024-08-20,444.41,444.93,441.33,441.86,441.86,9699511
NVDA,Technology,2024-08-21,441.86,442.24,438.12,440.1,440.1,9624785
NVDA,Technology,2024-08-22,440.1,446.04,437.18,443.34,443.34,10059076
NVDA,Technology,2024-08-23,443.34,467.59,443.25,463.03,463.03,8675236
NVDA,Technology,2024-08-26,463.03,463.45,457.72,458.47,458.47,7727635
NVDA,Technology,2024-08-27,458.47,480.92,458.13,477.88,477.88,8932219
NVDA,Technology,2024-08-28,477.88,480.94,459.69,462.75,462.75,10342116
NVDA,Technology,2024-08-29,462.75,467.26,458.61,459.34,459.34,4677156
NVDA,Technology,2024-08-30,459.34,475.88,458.48,474.41,474.41,7444941
NVDA,Technology,2024-09-02,474.41,474.9,474.37,474.48,474.48,8703882
NVDA,Technology,2024-09-03,474.48,483.0,472.91,482.41,482.41,8489372
NVDA,Technology,2024-09-04,482.41,491.97,480.09,491.68,491.68,4425717
NVDA,Technology,2024-09-05,491.68,492.56,486.89,488.4,488.4,11567350
NVDA,Technology,2024-09-06,488.4,491.03,469.61,471.58,471.58,9627127
NVDA,Technology,2024-09-09,471.58,472.2,412.08,412.32,412.32,23162371
NVDA,Technology,2024-09-10,412.32,428.32,410.82,426.1,426.1,9240212
NVDA,Technology,2024-09-11,426.1,450.78,426.01,449.36,449.36,30953205
NVDA,Technology,2024-09-12,449.36,453.7,448.9,452.69,452.69,4377539
NVDA,Technology,2024-09-13,452.69,454.28,450.02,453.17,453.17,7796307
NVDA,Technology,2024-09-16,453.17,475.67,451.69,475.44,475.44,5213670
NVDA,Technology,2024-09-17,475.44,477.5,474.81,475.93,475.93,11090868
NVDA,Technology,2024-09-18,475.93,476.4,456.32,458.07,458.07,11551142
NVDA,Technology,2024-09-19,458.07,458.8,454.58,455.18,455.18,7921603
NVDA,Technology,2024-09-20,455.18,457.09,454.17,456.96,456.96,8118883
NVDA,Technology,2024-09-23,456.96,463.66,454.58,462.63,462.63,3683267
NVDA,Technology,2024-09-24,462.63,470.29,460.03,467.15,467.15,10364548
NVDA,Technology,2024-09-25,467.15,467.48,444.25,447.41,447.41,9750082
NVDA,Technology,2024-09-26,447.41,448.25,422.24,424.28,424.28,14235872
NVDA,Technology,2024-09-27,424.28,432.23,421.17,430.95,430.95,9018234
NVDA,Technology,2024-09-30,430.95,434.92,428.1,434.06,434.06,12848885
NVDA,Technology,2024-10-01,434.06,451.66,432.17,446.68,446.68,9275298
NVDA,Technology,2024-10-02,446.68,447.9,443.65,445.53,445.53,4525499
NVDA,Technology,2024-10-03,445.53,448.85,444.44,448.76,448.76,7071228
NVDA,Technology,2024-10-04,448.76,448.83,431.48,431.92,431.92,5238290
NVDA,Technology,2024-10-07,431.92,436.0,412.44,416.59,416.59,5160713
NVDA,Technology,2024-10-08,416.59,423.33,416.21,420.95,420.95,7024392
NVDA,Technology,2024-10-09,420.95,438.8,418.06,437.72,437.72,10585850
NVDA,Technology,2024-10-10,437.72,455.73,436.63,454.32,454.32,6554709
NVDA,Technology,2024-10-11,454.32,462.48,451.84,460.93,460.93,3310147
NVDA,Technology,2024-10-14,460.93,462.18,457.64,460.46,460.46,4462627
NVDA,Technology,2024-10-15,460.46,461.2,459.97,460.58,460.58,14683011
NVDA,Technology,2024-10-16,460.58,467.42,457.07,465.26,465.26,8371834
NVDA,Technology,2024-10-17,465.26,470.74,463.55,469.28,469.28,4496036
NVDA,Technology,2024-10-18,469.28,473.08,467.17,470.58,470.58,5376667
NVDA,Technology,2024-10-21,470.58,491.7,470.24,489.73,489.73,4335465
NVDA,Technology,2024-10-22,489.73,490.03,483.45,486.19,486.19,6143350
NVDA,Technology,2024-10-23,486.19,488.89,471.33,471.94,471.94,10187625
NVDA,Technology,2024-10-24,471.94,473.39,467.26,467.82,467.82,9250533
NVDA,Technology,2024-10-25,467.82,469.97,456.02,457.36,457.36,3471231
NVDA,Technology,2024-10-28,457.36,460.16,431.76,433.81,433.81,17423258
NVDA,Technology,2024-10-29,433.81,440.1,431.28,438.78,438.78,10164905
NVDA,Technology,2024-10-30,438.78,458.6,438.09,457.92,457.92,7941630
NVDA,Technology,2024-10-31,457.92,460.81,448.56,450.3,450.3,4597593
NVDA,Technology,2024-11-01,450.3,471.63,449.16,470.88,470.88,11305183
NVDA,Technology,2024-11-04,470.88,499.28,469.57,497.51,497.51,22360381
NVDA,Technology,2024-11-05,497.51,511.74,497.43,507.66,507.66,3268109
NVDA,Technology,2024-11-06,507.66,509.8,499.87,501.63,501.63,8372881
NVDA,Technology,2024-11-07,501.63,520.24,501.23,519.47,519.47,6494242
NVDA,Technology,2024-11-08,519.47,530.12,519.34,526.02,526.02,4195430
NVDA,Technology,2024-11-11,526.02,526.46,509.83,513.5,513.5,7908704
NVDA,Technology,2024-11-12,513.5,539.6,512.55,539.29,539.29,41304838
NVDA,Technology,2024-11-13,539.29,539.92,518.53,523.56,523.56,9768072
NVDA,Technology,2024-11-14,523.56,524.22,517.34,519.18,519.18,10467252
NVDA,Technology,2024-11-15,519.18,520.73,517.07,520.05,520.05,8499023
NVDA,Technology,2024-11-18,520.05,538.03,518.83,535.15,535.15,11901700
NVDA,Technology,2024-11-19,535.15,579.32,533.05,578.11,578.11,16172552
NVDA,Technology,2024-11-20,578.11,578.74,568.79,569.57,569.57,7220778
NVDA,Technology,2024-11-21,569.57,590.72,567.79,588.37,588.37,5365786
NVDA,Technology,2024-11-22,588.37,589.02,584.21,585.87,585.87,8329333
NVDA,Technology,2024-11-25,585.87,585.95,554.18,555.61,555.61,25545769
NVDA,Technology,2024-11-26,555.61,569.84,555.39,569.69,569.69,8256112
NVDA,Technology,2024-11-27,569.69,569.89,538.35,542.83,542.83,10419447
NVDA,Technology,2024-11-28,542.83,552.14,541.78,550.21,550.21,6603689
NVDA,Technology,2024-11-29,550.21,552.52,546.38,547.9,547.9,4722755
NVDA,Technology,2024-12-02,547.9,557.23,546.38,554.88,554.88,5794371
NVDA,Technology,2024-12-03,554.88,588.95,553.56,587.65,587.65,19482361
NVDA,Technology,2024-12-04,587.65,609.16,586.25,606.94,606.94,6540963
NVDA,Technology,2024-12-05,606.94,611.03,600.98,604.47,604.47,12081303
NVDA,Technology,2024-12-06,604.47,629.35,602.42,625.86,625.86,8122503
NVDA,Technology,2024-12-09,625.86,636.84,621.5,634.03,634.03,8131197
NVDA,Technology,2024-12-10,634.03,635.04,627.59,628.87,628.87,4821237
NVDA,Technology,2024-12-11,628.87,668.46,628.58,666.87,666.87,33801366
NVDA,Technology,2024-12-12,666.87,701.24,664.09,700.21,700.21,14906330
NVDA,Technology,2024-12-13,700.21,701.99,694.58,694.75,694.75,7816685
NVDA,Technology,2024-12-16,694.75,707.05,693.01,705.66,705.66,10580075
NVDA,Technology,2024-12-17,705.66,737.38,701.82,733.78,733.78,6063317
NVDA,Technology,2024-12-18,733.78,749.36,731.24,743.88,743.88,5374727
NVDA,Technology,2024-12-19,743.88,754.38,740.39,753.25,753.25,8991664
NVDA,Technology,2024-12-20,753.25,754.93,725.87,727.95,727.95,11494018
NVDA,Technology,2024-12-23,727.95,729.01,718.41,718.55,718.55,7493794
NVDA,Technology,2024-12-24,718.55,748.18,717.93,744.93,744.93,12664600
NVDA,Technology,2024-12-25,744.93,752.44,738.1,740.6,740.6,10251698
NVDA,Technology,2024-12-26,740.6,744.8,703.12,705.92,705.92,1812965
NVDA,Technology,2024-12-27,705.92,728.03,703.43,725.78,725.78,8496701
NVDA,Technology,2024-12-30,725.78,728.63,722.65,725.07,725.07,8558206
NVDA,Technology,2024-12-31,725.07,737.31,721.54,730.0,730.0,6793547
